case_id,normalized_semispan,lift_per_unit_span_N_per_m,outboard_bending_moment_Nm
4,0,2607.77010258584,2624.5285384372
4,0.0025,2607.74532853338,2608.41879584533
4,0.005,2607.6710131742,2592.36583185234
4,0.0075,2607.54717689658,2576.36964484014
4,0.01,2607.37385366012,2560.43023211245
4,0.0125,2607.15109096445,2544.54758989549
4,0.015,2606.87894980552,2528.72171333903
4,0.0175,2606.55750461936,2512.95259651772
4,0.02,2606.18684321365,2497.24023243273
4,0.0225,2605.76706668688,2481.58461301361
4,0.025,2605.29828933542,2465.98572912055
4,0.0275,2604.78063854844,2450.44357054683
4,0.03,2604.21425469094,2434.95812602161
4,0.0325,2603.59929097492,2419.52938321297
4,0.035,2602.93591331886,2404.15732873128
4,0.0375,2602.22430019569,2388.84194813277
4,0.04,2601.46464246946,2373.58322592344
4,0.0425,2600.65714322072,2358.38114556322
4,0.045,2599.80201756112,2343.23568947038
4,0.0475,2598.89949243706,2328.14683902622
4,0.05,2597.94980642294,2313.11457458001
4,0.0525,2596.95320950409,2298.13887545416
4,0.055,2595.90996284956,2283.21971994971
4,0.0575,2594.82033857523,2268.357085352
4,0.06,2593.68461949731,2253.55094793656
4,0.0625,2592.50309887666,2238.80128297532
4,0.065,2591.27608015404,2224.10806474295
4,0.0675,2590.00387667683,2209.47126652349
4,0.07,2588.68681141732,2194.89086061719
4,0.0725,2587.32521668298,2180.36681834751
4,0.075,2585.91943381903,2165.89911006835
4,0.0775,2584.46981290367,2151.48770517152
4,0.08,2582.97671243622,2137.13257209434
4,0.0825,2581.44049901869,2122.83367832743
4,0.085,2579.86154703094,2108.59099042273
4,0.0875,2578.24023829996,2094.40447400162
4,0.09,2576.57696176358,2080.27409376324
4,0.0925,2574.87211312897,2066.19981349298
4,0.095,2573.12609452636,2052.18159607106
4,0.0975,2571.33931415834,2038.21940348131
4,0.1,2569.51218594514,2024.31319682005
4,0.1025,2567.64512916635,2010.4629363051
4,0.105,2565.73856809936,1996.66858128493
4,0.1075,2563.79293165507,1982.93009024787
4,0.11,2561.80865301116,1969.24742083144
4,0.1125,2559.78616924345,1955.62052983184
4,0.115,2557.72592095563,1942.0493732134
4,0.1175,2555.62835190794,1928.5339061182
4,0.12,2553.49390864504,1915.07408287575
4,0.1225,2551.32304012368,1901.66985701268
4,0.125,2549.1161973404,1888.32118126254
4,0.1275,2546.8738329598,1875.02800757561
4,0.13,2544.59640094384,1861.79028712875
4,0.1325,2542.28435618239,1848.60797033529
4,0.135,2539.93815412564,1835.48100685494
4,0.1375,2537.55825041876,1822.4093456037
4,0.14,2535.14510053904,1809.39293476378
4,0.1425,2532.69915943617,1796.43172179352
4,0.145,2530.22088117588,1783.52565343729
4,0.1475,2527.71071858741,1770.67467573539
4,0.15,2525.16912291519,1757.8787340339
4,0.1525,2522.59654347511,1745.13777299449
4,0.155,2519.99342731578,1732.45173660424
4,0.1575,2517.36021888513,1719.82056818534
4,0.16,2514.69735970274,1707.24421040479
4,0.1625,2512.00528803826,1694.72260528397
4,0.165,2509.28443859622,1682.25569420827
4,0.1675,2506.5352422077,1669.84341793644
4,0.17,2503.75812552902,1657.48571661007
4,0.1725,2500.95351074799,1645.18252976283
4,0.175,2498.12181529776,1632.93379632967
4,0.1775,2495.26345157892,1620.73945465592
4,0.18,2492.37882668983,1608.59944250623
4,0.1825,2489.46834216563,1596.5136970735
4,0.185,2486.53239372623,1584.48215498757
4,0.1875,2483.57137103347,1572.50475232386
4,0.19,2480.58565745765,1560.58142461183
4,0.1925,2477.57562985384,1548.71210684336
4,0.195,2474.54165834805,1536.89673348094
4,0.1975,2471.48410613355,1525.13523846572
4,0.2,2468.40332927746,1513.42755522542
4,0.2025,2465.29967653795,1501.7736166821
4,0.205,2462.17348919203,1490.17335525975
4,0.2075,2459.02510087423,1478.62670289169
4,0.21,2455.85483742629,1467.13359102787
4,0.2125,2452.66301675793,1455.69395064195
4,0.215,2449.44994871891,1444.30771223823
4,0.2175,2446.2159349824,1432.97480585837
4,0.22,2442.96126893977,1421.695161088
4,0.2225,2439.68623560693,1410.46870706307
4,0.225,2436.39111154215,1399.29537247609
4,0.2275,2433.07616477557,1388.17508558211
4,0.23,2429.74165475026,1377.10777420459
4,0.2325,2426.38783227491,1366.09336574105
4,0.235,2423.01493948821,1355.1317871685
4,0.2375,2419.62320983478,1344.22296504874
4,0.24,2416.21286805265,1333.36682553343
4,0.2425,2412.78413017232,1322.56329436899
4,0.245,2409.33720352719,1311.81229690131
4,0.2475,2405.87228677536,1301.11375808023
4,0.25,2402.38956993276,1290.46760246392
4,0.2525,2398.88923441726,1279.87375422296
4,0.255,2395.37145310397,1269.33213714433
4,0.2575,2391.83639039127,1258.84267463517
4,0.26,2388.28420227754,1248.40528972634
4,0.2625,2384.71503644851,1238.01990507583
4,0.265,2381.12903237482,1227.68644297198
4,0.2675,2377.52632141971,1217.40482533649
4,0.27,2373.90702695671,1207.17497372732
4,0.2725,2370.27126449682,1196.99680934135
4,0.275,2366.61914182526,1186.87025301691
4,0.2775,2362.95075914722,1176.79522523609
4,0.28,2359.2662092426,1166.77164612699
4,0.2825,2355.56557762924,1156.79943546566
4,0.285,2351.84894273441,1146.87851267804
4,0.2875,2348.11637607436,1137.00879684159
4,0.29,2344.36794244137,1127.19020668693
4,0.2925,2340.60370009819,1117.42266059916
4,0.295,2336.82370097933,1107.70607661922
4,0.2975,2333.02799089903,1098.04037244496
4,0.3,2329.21660976532,1088.42546543213
4,0.3025,2325.3895918,1078.86127259531
4,0.305,2321.54696576404,1069.34771060861
4,0.3075,2317.68875518793,1059.88469580628
4,0.31,2313.81497860683,1050.47214418328
4,0.3125,2309.92564979976,1041.10997139562
4,0.315,2306.0207780327,1031.79809276072
4,0.3175,2302.10036830502,1022.53642325756
4,0.32,2298.16442159887,1013.32487752682
4,0.3225,2294.21293513103,1004.1633698709
4,0.325,2290.24590260683,995.051814253827
4,0.3275,2286.26331447571,985.990124301168
4,0.33,2282.2651581879,976.978213299785
4,0.3325,2278.25141845184,968.015994197578
4,0.335,2274.2220774918,959.103379603144
4,0.3375,2270.17711530539,950.240281785396
4,0.34,2266.11650992028,941.426612673125
4,0.3425,2262.04023764997,932.66228385452
4,0.345,2257.94827334784,923.947206576655
4,0.3475,2253.84059065928,915.281291744941
4,0.35,2249.71716227131,906.664449922552
4,0.3525,2245.57796015929,898.096591329827
4,0.355,2241.4229558303,889.577625843666
4,0.3575,2237.25212056264,881.107462996904
4,0.36,2233.0654256412,872.686011977691
4,0.3625,2228.86284258813,864.31318162886
4,0.365,2224.64434338842,855.988880447313
4,0.3675,2220.40990070999,847.713016583409
4,0.37,2216.15948811796,839.485497840367
4,0.3725,2211.8930802825,831.306231673695
4,0.375,2207.61065318019,823.175125190631
4,0.3775,2203.31218428813,815.092085149629
4,0.38,2198.99765277086,807.057017959863
4,0.3825,2194.66703965934,799.069829680772
4,0.385,2190.32032802195,791.130426021652
4,0.3875,2185.95750312703,783.238712341285
4,0.39,2181.57855259673,775.394593647616
4,0.3925,2177.18346655178,767.597974597487
4,0.395,2172.77223774702,759.84875949642
4,0.3975,2168.34486169735,752.146852298461
4,0.4,2163.90133679386,744.492156606078
4,0.4025,2159.44166440992,736.884575670133
4,0.405,2154.96584899705,729.324012389904
4,0.4075,2150.47389817034,721.810369313188
4,0.41,2145.96582278323,714.343548636466
4,0.4125,2141.44163699159,706.923452205134
4,0.415,2136.90135830682,699.549981513819
4,0.4175,2132.345007638,692.223037706754
4,0.42,2127.77260932292,684.942521578238
4,0.4225,2123.18419114791,677.708333573161
4,0.425,2118.57978435653,670.520373787612
4,0.4275,2113.95942364688,663.378541969562
4,0.43,2109.3231471578,656.282737519613
4,0.4325,2104.67099644375,649.232859491832
4,0.435,2100.00301643853,642.228806594658
4,0.4375,2095.31925540788,635.270477191875
4,0.44,2090.61976489103,628.357769303667
4,0.4425,2085.90459963131,621.49058060774
4,0.445,2081.17381749609,614.66880844051
4,0.4475,2076.42747938588,607.892349798369
4,0.45,2071.66564913322,601.161101339007
4,0.4525,2066.88839339117,594.4749593828
4,0.455,2062.09578151185,587.833819914268
4,0.4575,2057.28788541523,581.237578583577
4,0.46,2052.46477944849,574.686130708112
4,0.4625,2047.6265402361,568.179371274091
4,0.465,2042.77324652113,561.717194938234
4,0.4675,2037.90497899806,555.299496029481
4,0.47,2033.02182013741,548.926168550743
4,0.4725,2028.12385400265,542.597106180704
4,0.475,2023.21116605974,536.312202275647
4,0.4775,2018.28384297983,530.071349871317
4,0.48,2013.34197243545,523.874441684806
4,0.4825,2008.38564289072,517.721370116462
4,0.485,2003.41494338609,511.612027251821
4,0.4875,1998.42996331806,505.546304863537
4,0.49,1993.43079221452,499.524094413332
4,0.4925,1988.41751950602,493.545287053949
4,0.495,1983.39023429384,487.609773631093
4,0.4975,1978.34902511517,481.717444685375
4,0.5,1973.29397970609,475.868190454239
4,0.5025,1968.22518476297,470.061900873871
4,0.505,1963.14272570285,464.298465581089
4,0.5075,1958.04668642344,458.577773915199
4,0.51,1952.93714906338,452.899714919826
4,0.5125,1947.81419376332,447.2641773447
4,0.515,1942.67789842862,441.671049647402
4,0.5175,1937.52833849411,436.120219995057
4,0.52,1932.36558669176,430.611576265982
4,0.5225,1927.18971282175,425.145006051267
4,0.525,1922.00078352773,419.72039665629
4,0.5275,1916.79886207676,414.337635102178
4,0.53,1911.5840081448,408.996608127175
4,0.5325,1906.35627760812,403.697202187947
4,0.535,1901.11572234156,398.439303460796
4,0.5375,1895.86239002402,393.222797842793
4,0.54,1890.59632395197,388.047570952809
4,0.5425,1885.31756286149,382.913508132467
4,0.545,1880.02614075951,377.820494446976
4,0.5475,1874.72208676479,372.76841468588
4,0.55,1869.40542495914,367.757153363685
4,0.5525,1864.07617424966,362.786594720388
4,0.555,1858.73434824218,357.856622721887
4,0.5575,1853.37995512673,352.967121060277
4,0.56,1848.01299757528,348.117973154028
4,0.5625,1842.63347265234,343.309062148045
4,0.565,1837.24137173882,338.540270913601
4,0.5675,1831.83668046946,333.811482048154
4,0.57,1826.41937868432,329.122577875028
4,0.5725,1820.98944039451,324.47344044298
4,0.575,1815.5468337626,319.86395152563
4,0.5775,1810.09152109785,315.293992620772
4,0.58,1804.62345886649,310.763444949548
4,0.5825,1799.14259771725,306.272189455503
4,0.585,1793.64888252229,301.820106803512
4,0.5875,1788.14225243346,297.407077378578
4,0.59,1782.62264095413,293.032981284506
4,0.5925,1777.08997602642,288.697698342456
4,0.595,1771.54418013376,284.401108089377
4,0.5975,1765.98517041882,280.143089776314
4,0.6,1760.41285881638,275.923522366609
4,0.6025,1754.82715220115,271.742284533978
4,0.605,1749.22795255004,267.59925466049
4,0.6075,1743.61515711875,263.494310834428
4,0.61,1737.98865863204,259.427330848052
4,0.6125,1732.34834548741,255.398192195266
4,0.615,1726.69410197152,251.406772069187
4,0.6175,1721.02580848885,247.452947359623
4,0.62,1715.34334180186,243.536594650473
4,0.6225,1709.64657528206,239.657590217042
4,0.625,1703.93537917101,235.815810023283
4,0.6275,1698.20962085062,232.011129718973
4,0.63,1692.46916512165,228.243424636826
4,0.6325,1686.71387448952,224.512569789546
4,0.635,1680.94360945645,220.818439866839
4,0.6375,1675.15822881866,217.160909232369
4,0.64,1669.35758996759,213.53985192069
4,0.6425,1663.54154919385,209.955141634137
4,0.645,1657.70996199264,206.406651739697
4,0.6475,1651.86268336925,202.894255265865
4,0.65,1645.99956814322,199.417824899484
4,0.6525,1640.12047124973,195.977232982588
4,0.655,1634.22524803663,192.572351509239
4,0.6575,1628.3137545556,189.203052122382
4,0.66,1622.38584784571,185.869206110706
4,0.6625,1616.44138620783,182.570684405536
4,0.665,1610.480229468,179.307357577743
4,0.6675,1604.5022392281,176.079095834696
4,0.67,1598.50727910201,172.885769017249
4,0.6725,1592.49521493534,169.727246596765
4,0.675,1586.46591500695,166.603397672205
4,0.6775,1580.41925021021,163.51409096725
4,0.68,1574.3550942123,160.459194827498
4,0.6825,1568.27332358934,157.438577217709
4,0.685,1562.17381793559,154.452105719117
4,0.6875,1556.05645994472,151.499647526813
4,0.69,1549.92113546111,148.581069447186
4,0.6925,1543.7677334993,145.696237895439
4,0.695,1537.59614622959,142.845018893176
4,0.6975,1531.40626892792,140.027278066048
4,0.7,1525.19799988813,137.242880641476
4,0.7025,1518.97124029458,134.49169144644
4,0.705,1512.7258940536,131.77357490532
4,0.7075,1506.46186758165,129.08839503781
4,0.71,1500.17906954877,126.436015456877
4,0.7125,1493.8774105754,123.816299366776
4,0.715,1487.55680288126,121.229109561098
4,0.7175,1481.21715988451,118.674308420866
4,0.72,1474.85839575003,116.151757912643
4,0.7225,1468.48042488532,113.661319586669
4,0.725,1462.08316138297,111.202854574993
4,0.7275,1455.66651840849,108.776223589604
4,0.73,1449.23040753273,106.381286920542
4,0.7325,1442.77473800782,104.01790443397
4,0.735,1436.29941598627,101.6859355702
4,0.7375,1429.80434368246,99.3852393416486
4,0.74,1423.28941847638,97.1156743307085
4,0.7425,1416.75453195928,94.877098687514
4,0.745,1410.19956892145,92.6693701275802
4,0.7475,1403.62440628216,90.4923459292951
4,0.75,1397.02891196221,88.3458829312398
4,0.7525,1390.41294369988,86.2298375293119
4,0.755,1383.7763478108,84.144065673629
4,0.7575,1377.1189578931,82.0884228651824
4,0.76,1370.44059347889,80.0627641522128
4,0.7625,1363.7410586337,78.0669441262828
4,0.765,1357.02014050551,76.1008169180096
4,0.7675,1350.27760782549,74.1642361924307
4,0.77,1343.51320936239,72.2570551439688
4,0.7725,1336.72667233323,70.3791264909618
4,0.775,1329.91770077282,68.5303024697228
4,0.7775,1323.08597386493,66.7104348280966
4,0.78,1316.23114423827,64.9193748184748
4,0.7825,1309.35283623041,63.1569731902315
4,0.785,1302.45064412316,61.4230801815449
4,0.7875,1295.52413035292,59.7175455105633
4,0.79,1288.57282369976,58.0402183658777
4,0.7925,1281.59621745897,56.3909473962624
4,0.795,1274.59376759907,54.7695806996421
4,0.7975,1267.56489091005,53.1759658112469
4,0.8,1260.50896314582,51.6099496909136
4,0.8025,1253.42531716463,50.0713787094945
4,0.805,1246.31324107121,48.5600986343318
4,0.8075,1239.17197636392,47.0759546137564
4,0.81,1232.00071609031,45.6187911605744
4,0.8125,1224.79860301368,44.1884521344963
4,0.815,1217.56472779308,42.7847807234725
4,0.8175,1210.29812717833,41.4076194238946
4,0.82,1202.99778222112,40.056810019622
4,0.8225,1195.66261650209,38.7321935597963
4,0.825,1188.29149437304,37.4336103354049
4,0.8275,1180.88321921181,36.1608998545539
4,0.83,1173.43653168612,34.913900816414
4,0.8325,1165.95010802093,33.6924510838014
4,0.835,1158.42255826157,32.4963876543548
4,0.8375,1150.85242452302,31.3255466302718
4,0.84,1143.23817921256,30.1797631865665
4,0.8425,1135.57822321038,29.0588715378092
4,0.845,1127.87088398865,27.9627049033082
4,0.8475,1120.11441364614,26.8910954706943
4,0.85,1112.30698683024,25.8438743578634
4,0.8525,1104.44669851339,24.8208715732328
4,0.855,1096.53156158461,23.8219159742633
4,0.8575,1088.55950421024,22.8468352241933
4,0.86,1080.52836690969,21.895455746929
4,0.8625,1072.43589928387,20.9676026800257
4,0.865,1064.27975632284,20.0630998256898
4,0.8675,1056.05749420861,19.1817695997207
4,0.87,1047.76656551507,18.3234329783013
4,0.8725,1039.40431369243,17.4879094425332
4,0.875,1030.96796670624,16.6750169205948
4,0.8775,1022.45462968114,15.8845717273861
4,0.88,1013.86127637735,15.1163885014982
4,0.8825,1005.18473930178,14.3702801393231
4,0.885,996.421698225819,13.6460577260869
4,0.8875,987.568666847779,12.9435304635595
4,0.89,978.621977298303,12.2625055941459
4,0.8925,969.577762141052,11.6027883210261
4,0.895,960.43193346788,10.9641817239494
4,0.8975,951.180158625545,10.3464866702273
4,0.9,941.817832038503,9.74950172039911
4,0.9025,932.340042507206,9.1730230279543
4,0.905,922.741535261108,8.61684423240047
4,0.9075,913.016667927055,8.080756344851
4,0.91,903.159359432964,7.56454762517337
4,0.9125,893.163030698646,7.06800344958562
4,0.915,883.020535764124,6.59090616740942
4,0.9175,872.724081762729,6.13303494548095
4,0.92,862.265135851492,5.69416559847616
4,0.9225,851.634316851633,5.27407040312463
4,0.925,840.82126891017,4.87251789395271
4,0.9275,829.814513947343,4.48927263780483
4,0.93,818.601278973897,4.12409498393051
4,0.9325,807.167293507809,3.77674078587742
4,0.935,795.496551238128,3.44696109077918
4,0.9375,783.571028701791,3.13450179084901
4,0.94,771.370351957257,2.83910323095378
4,0.9425,758.871399917382,2.56049976501094
4,0.945,746.047829946399,2.29841925257165
4,0.9475,732.869507250987,2.05258248526089
4,0.95,719.301814095169,1.82270253065092
4,0.9525,705.304807341008,1.60848397852707
4,0.955,690.832182358648,1.40962207120333
4,0.9575,675.829986577927,1.22580169532891
4,0.96,660.235004711123,1.05669620717558
4,0.9625,643.972706511979,0.901966056247265
4,0.965,626.954601191965,0.761257162528534
4,0.9675,609.074770744119,0.634198989769178
4,0.97,590.205240795022,0.520402239324947
4,0.9725,570.189662165835,0.419456063763697
4,0.975,548.834462477347,0.330924662665137
4,0.9775,525.896073046601,0.254343067957529
4,0.98,501.061808219244,0.18921184068185
4,0.9825,473.919949669203,0.134990262867862
4,0.985,443.910300487728,0.0910873731657585
4,0.9875,410.236526047449,0.0568497696445465
4,0.99,371.6956118777,0.0315442711493901
4,0.9925,326.299911518329,0.0143317239937978
4,0.995,270.254802110029,0.00422372481143168
4,0.9975,193.988560207044,0
4,1,0,0
37,0,2237.08065909325,2491.54340174005
37,0.0025,2237.05855044526,2476.21878111843
37,0.005,2236.9922307654,2460.94844326233
37,0.0075,2236.8817188403,2445.73238656251
37,0.01,2236.72704596175,2430.57060833737
37,0.0125,2236.52825589794,2415.46310483372
37,0.015,2236.28540485315,2400.40987122788
37,0.0175,2235.99856141604,2385.41090162701
37,0.02,2235.66780649659,2370.46618907078
37,0.0225,2235.29323325167,2355.57572553335
37,0.025,2234.87494699943,2340.73950192561
37,0.0275,2234.41306512263,2325.95750809773
37,0.03,2233.90771696082,2311.22973284205
37,0.0325,2233.35904369173,2296.55616389617
37,0.035,2232.7671982019,2281.9367879464
37,0.0375,2232.13234494664,2267.37159063147
37,0.04,2231.45465979961,2252.8605565465
37,0.0425,2230.734329892,2238.40366924732
37,0.045,2229.97155344176,2224.00091125492
37,0.0475,2229.16653957279,2209.65226406037
37,0.05,2228.31950812447,2195.3577081298
37,0.0525,2227.43068945174,2181.1172229098
37,0.055,2226.5003242158,2166.93078683296
37,0.0575,2225.5286631659,2152.79837732375
37,0.06,2224.51596691227,2138.71997080458
37,0.0625,2223.46250569055,2124.69554270212
37,0.065,2222.36855911792,2110.72506745389
37,0.0675,2221.23441594129,2096.80851851501
37,0.07,2220.06037377777,2082.94586836522
37,0.0725,2218.84673884767,2069.13708851611
37,0.075,2217.59382570051,2055.38214951853
37,0.0775,2216.30195693405,2041.68102097024
37,0.08,2214.97146290705,2028.03367152374
37,0.0825,2213.60268144565,2014.44006889425
37,0.085,2212.1959575441,2000.90017986799
37,0.0875,2210.75164305985,1987.41397031044
37,0.09,2209.27009640364,1973.98140517497
37,0.0925,2207.75168222462,1960.60244851149
37,0.095,2206.19677109115,1947.27706347531
37,0.0975,2204.60573916752,1934.00521233615
37,0.1,2202.97896788682,1920.78685648722
37,0.1025,2201.31684362059,1907.62195645453
37,0.105,2199.61975734545,1894.51047190624
37,0.1075,2197.8881043071,1881.45236166213
37,0.11,2196.12228368211,1868.44758370323
37,0.1125,2194.32269823787,1855.49609518147
37,0.115,2192.48975399108,1842.59785242948
37,0.1175,2190.62385986514,1829.75281097042
37,0.12,2188.72542734689,1816.96092552793
37,0.1225,2186.79487014299,1804.22215003607
37,0.125,2184.83260383643,1791.53643764942
37,0.1275,2182.83904554347,1778.90374075311
37,0.13,2180.81461357144,1766.32401097295
37,0.1325,2178.75972707779,1753.79719918564
37,0.135,2176.67480573076,1741.32325552884
37,0.1375,2174.560269372,1728.90212941144
37,0.14,2172.41653768162,1716.5337695237
37,0.1425,2170.24402984598,1704.21812384745
37,0.145,2168.04316422855,1691.95513966628
37,0.1475,2165.81435804435,1679.74476357564
37,0.15,2163.55802703813,1667.58694149302
37,0.1525,2161.27458516687,1655.48161866799
37,0.155,2158.96444428671,1643.42873969229
37,0.1575,2156.62801384494,1631.4282485098
37,0.16,2154.2657005771,1619.48008842646
37,0.1625,2151.87790820975,1607.58420212017
37,0.165,2149.46503716908,1595.74053165058
37,0.1675,2147.02748429581,1583.94901846879
37,0.17,2144.56564256657,1572.20960342699
37,0.1725,2142.07990082221,1560.52222678799
37,0.175,2139.57064350309,1548.88682823468
37,0.1775,2137.03825039198,1537.30334687931
37,0.18,2134.4830963645,1525.77172127277
37,0.1825,2131.90555114762,1514.29188941361
37,0.185,2129.30597908632,1502.86378875708
37,0.1875,2126.68473891877,1491.48735622394
37,0.19,2124.04218356018,1480.16252820917
37,0.1925,2121.37865989553,1468.88924059052
37,0.195,2118.69450858152,1457.66742873694
37,0.1975,2115.99006385783,1446.49702751686
37,0.2,2113.26565336783,1435.37797130627
37,0.2025,2110.52159798911,1424.3101939967
37,0.205,2107.75821167377,1413.29362900298
37,0.2075,2104.9758012988,1402.32820927087
37,0.21,2102.17466652655,1391.41386728451
37,0.2125,2099.35509967552,1380.5505350737
37,0.215,2096.51738560152,1369.73814422096
37,0.2175,2093.66180158929,1358.97662586848
37,0.22,2090.78861725475,1348.26591072481
37,0.2225,2087.89809445781,1337.60592907146
37,0.225,2084.99048722593,1326.99661076919
37,0.2275,2082.06604168836,1316.4378852642
37,0.23,2079.1249960212,1305.92968159411
37,0.2325,2076.16758040316,1295.47192839376
37,0.235,2073.19401698215,1285.06455390073
37,0.2375,2070.20451985256,1274.70748596078
37,0.24,2067.19929504334,1264.40065203306
37,0.2425,2064.17854051665,1254.14397919505
37,0.245,2061.14244617719,1243.93739414742
37,0.2475,2058.09119389208,1233.7808232186
37,0.25,2055.02495752109,1223.67419236922
37,0.2525,2051.94390295733,1213.61742719632
37,0.255,2048.8481881781,1203.61045293737
37,0.2575,2045.73796330578,1193.65319447409
37,0.26,2042.61337067879,1183.74557633614
37,0.2625,2039.4745449322,1173.88752270451
37,0.265,2036.32161308804,1164.07895741484
37,0.2675,2033.15469465493,1154.31980396048
37,0.27,2029.97390173704,1144.6099854954
37,0.2725,2026.77933915194,1134.94942483688
37,0.275,2023.57110455725,1125.33804446809
37,0.2775,2020.34928858589,1115.77576654044
37,0.28,2017.11397498947,1106.2625128758
37,0.2825,2013.8652407898,1096.79820496849
37,0.285,2010.60315643803,1087.3827639872
37,0.2875,2007.32778598136,1078.01611077667
37,0.29,2004.03918723674,1068.69816585924
37,0.2925,2000.73741197147,1059.42884943626
37,0.295,1997.42250609034,1050.20808138937
37,0.2975,1994.09450982883,1041.03578128157
37,0.3,1990.75345795225,1031.91186835823
37,0.3025,1987.3993799603,1022.83626154793
37,0.305,1984.03230029674,1013.80887946314
37,0.3075,1980.65223856386,1004.82964040087
37,0.31,1977.25920974127,995.898462343102
37,0.3125,1973.85322440872,987.015262957179
37,0.315,1970.43428897249,978.179959596041
37,0.3175,1967.00240589504,969.392469298396
37,0.32,1963.55757392739,960.652708788772
37,0.3225,1960.09978834396,951.96059447749
37,0.325,1956.62904117939,943.316042460549
37,0.3275,1953.14532146691,934.718968519432
37,0.33,1949.64861547788,926.169288120838
37,0.3325,1946.13890696209,917.666916416354
37,0.335,1942.61617738834,909.211768242055
37,0.3375,1939.08040618492,900.803758118059
37,0.34,1935.53157097957,892.442800248023
37,0.3425,1931.96964783851,884.128808518606
37,0.345,1928.39461150401,875.861696498882
37,0.3475,1924.80643563024,867.641377439732
37,0.35,1921.20509301686,859.467764273204
37,0.3525,1917.59055583998,851.340769611848
37,0.355,1913.96279588008,843.260305748049
37,0.3575,1910.32178474643,835.226284653336
37,0.36,1906.66749409769,827.238617977695
37,0.3625,1902.9998958582,819.297217048882
37,0.365,1899.3189624297,811.40199287174
37,0.3675,1895.62466689785,803.552856127531
37,0.37,1891.91698323349,795.749717173284
37,0.3725,1888.19588648798,787.992486041159
37,0.375,1884.46135298251,780.281072437845
37,0.3775,1880.71336049073,772.615385743987
37,0.38,1876.95188841475,764.995335013641
37,0.3825,1873.17691795376,757.420828973781
37,0.385,1869.38843226528,749.891776023836
37,0.3875,1865.58641661856,742.408084235289
37,0.39,1861.77085853991,734.969661351312
37,0.3925,1857.94174794964,727.576414786466
37,0.395,1854.09907729034,720.22825162646
37,0.3975,1850.24284164632,712.925078627963
37,0.4,1846.37303885388,705.666802218487
37,0.4025,1842.48966960228,698.453328496332
37,0.405,1838.59273752515,691.284563230608
37,0.4075,1834.68224928213,684.160411861316
37,0.41,1830.7582146307,677.080779499517
37,0.4125,1826.82064648789,670.045570927561
37,0.415,1822.86956098186,663.054690599409
37,0.4175,1818.90497749318,656.108042641017
37,0.42,1814.92691868573,649.20553085081
37,0.4225,1810.93541052716,642.34705870023
37,0.425,1806.93048229888,635.532529334371
37,0.4275,1802.91216659546,628.76184557268
37,0.43,1798.88049931355,622.03490990976
37,0.4325,1794.83551963024,615.351624516229
37,0.435,1790.77726997097,608.71189123968
37,0.4375,1786.70579596695,602.115611605705
37,0.44,1782.62114640227,595.562686819007
37,0.4425,1778.52337315071,589.053017764576
37,0.445,1774.41253110248,582.586505008956
37,0.4475,1770.28867808089,576.163048801574
37,0.45,1766.15187474924,569.78254907614
37,0.4525,1762.00218450804,563.444905452124
37,0.455,1757.83967338288,557.15001723629
37,0.4575,1753.66440990299,550.897783424301
37,0.46,1749.47646497098,544.688102702383
37,0.4625,1745.27591172382,538.520873449039
37,0.465,1741.06282538552,532.395993736833
37,0.4675,1736.83728311177,526.313361334207
37,0.47,1732.5993638268,520.272873707359
37,0.4725,1728.34914805302,514.274428022154
37,0.475,1724.0867177336,508.317921146082
37,0.4775,1719.81215604854,502.403249650241
37,0.48,1715.5255472246,496.530309811362
37,0.4825,1711.2269763395,490.698997613847
37,0.485,1706.91652912095,484.909208751835
37,0.4875,1702.59429174082,479.160838631286
37,0.49,1698.26035060514,473.453782372066
37,0.4925,1693.91479214022,467.787934810047
37,0.495,1689.55770257563,462.163190499206
37,0.4975,1685.18916772439,456.579443713711
37,0.5,1680.80927276106,451.036588450012
37,0.5025,1676.4181019982,445.5345184289
37,0.505,1672.01573866179,440.073127097556
37,0.5075,1667.60226466624,434.652307631572
37,0.51,1663.17776038956,429.271952936936
37,0.5125,1658.74230444921,423.931955651985
37,0.515,1654.29597347941,418.63220814931
37,0.5175,1649.83884191031,413.372602537617
37,0.52,1645.37098174979,408.153030663533
37,0.5225,1640.89246236851,402.973384113353
37,0.525,1636.4033502887,397.833554214724
37,0.5275,1631.90370897738,392.733432038257
37,0.53,1627.39359864475,387.672908399071
37,0.5325,1622.8730760481,382.65187385825
37,0.535,1618.34219430212,377.670218724222
37,0.5375,1613.801002696,372.727833054049
37,0.54,1609.24954651803,367.82460665462
37,0.5425,1604.6878668883,362.960429083753
37,0.545,1600.11600059995,358.135189651192
37,0.5475,1595.53397996964,353.348777419496
37,0.55,1590.9418326978,348.601081204831
37,0.5525,1586.33958173899,343.891989577634
37,0.555,1581.7272451832,339.221390863175
37,0.5575,1577.10483614824,334.589173141995
37,0.56,1572.47236268395,329.995224250224
37,0.5625,1567.82982768848,325.439431779775
37,0.565,1563.17722883716,320.921683078415
37,0.5675,1558.51455852435,316.441865249711
37,0.57,1553.84180381849,311.999865152843
37,0.5725,1549.15894643088,307.595569402291
37,0.575,1544.46596269829,303.228864367389
37,0.5775,1539.76282357977,298.899636171756
37,0.58,1535.04949466779,294.607770692585
37,0.5825,1530.32593621396,290.353153559813
37,0.585,1525.59210316943,286.135670155155
37,0.5875,1520.84794524004,281.955205611009
37,0.59,1516.0934069563,277.811644809239
37,0.5925,1511.32842775819,273.704872379825
37,0.595,1506.55294209467,269.634772699398
37,0.5975,1501.76687953799,265.601229889646
37,0.6,1496.97016491234,261.604127815606
37,0.6025,1492.16271843697,257.643350083839
37,0.605,1487.34445588327,253.718780040498
37,0.6075,1482.51528874564,249.830300769279
37,0.61,1477.67512442575,245.977795089275
37,0.6125,1472.82386642971,242.161145552732
37,0.615,1467.96141457776,238.380234442704
37,0.6175,1463.08766522585,234.634943770624
37,0.62,1458.20251149856,230.925155273786
37,0.6225,1453.30584353273,227.250750412758
37,0.625,1448.3975487309,223.611610368709
37,0.6275,1443.47751202404,220.007616040682
37,0.63,1438.54561614251,216.438648042798
37,0.6325,1433.60174189441,212.904586701415
37,0.635,1428.64576845039,209.40531205223
37,0.6375,1423.67757363379,205.940703837353
37,0.64,1418.69703421514,202.510641502336
37,0.6425,1413.70402620978,199.115004193189
37,0.645,1408.69842517734,195.753670753369
37,0.6475,1403.680106522,192.426519720758
37,0.65,1398.64894579197,189.133429324643
37,0.6525,1393.60481897699,185.874277482694
37,0.655,1388.54760280227,182.648941797959
37,0.6575,1383.47717501752,179.457299555865
37,0.66,1378.39341467939,176.299227721259
37,0.6625,1373.29620242587,173.17460293547
37,0.665,1368.18542074092,170.083301513413
37,0.6675,1363.06095420771,167.025199440736
37,0.67,1357.92268974872,164.000172371023
37,0.6725,1352.77051685104,161.008095623047
37,0.675,1347.60432777501,158.048844178088
37,0.6775,1342.42401774441,155.122292677323
37,0.68,1337.22948511648,152.228315419279
37,0.6825,1332.02063152978,149.366786357368
37,0.685,1326.79736202816,146.537579097501
37,0.6875,1321.55958515895,143.740566895783
37,0.69,1316.30721304347,140.975622656294
37,0.6925,1311.04016141807,138.242618928957
37,0.695,1305.75834964384,135.541427907494
37,0.6975,1300.46170068316,132.871921427468
37,0.7,1295.15014104128,130.233970964414
37,0.7025,1289.82360067118,127.627447632055
37,0.705,1284.48201284002,125.052222180603
37,0.7075,1279.12531395544,122.508164995142
37,0.71,1273.75344335011,119.99514609408
37,0.7125,1268.36634302299,117.51303512768
37,0.715,1262.96395733576,115.061701376654
37,0.7175,1257.54623266312,112.641013750808
37,0.72,1252.11311699554,110.250840787747
37,0.7225,1246.66455949319,107.891050651608
37,0.725,1241.20050999019,105.561511131828
37,0.7275,1235.72091844788,103.262089641927
37,0.73,1230.22573435645,100.992653218295
37,0.7325,1224.71490608411,98.7530685189634
37,0.735,1219.18838017326,96.5432018223546
37,0.7375,1213.64610058322,94.3629190259836
37,0.74,1208.08800787918,92.2120856450992
37,0.7425,1202.51403836744,90.0905668112402
37,0.745,1196.9241231769,87.9982272706918
37,0.7475,1191.31818728706,85.9349313828129
37,0.75,1185.69614850322,83.9005431182163
37,0.7525,1180.05791637926,81.8949260567745
37,0.755,1174.4033910892,79.9179433854245
37,0.7575,1168.73246224847,77.9694578957454
37,0.76,1163.04500768633,76.0493319812808
37,0.7625,1157.340892171,74.1574276345731
37,0.765,1151.61996608934,72.2936064438831
37,0.7675,1145.88206408307,70.4577295895588
37,0.77,1140.12700364392,68.6496578400235
37,0.7725,1134.3545836702,66.8692515473471
37,0.775,1128.56458298747,65.1163706423659
37,0.7775,1122.75675883646,63.390874629316
37,0.78,1116.93084533138,61.6926225799432
37,0.7825,1111.08655189193,60.0214731270504
37,0.785,1105.22356165293,58.3772844574471
37,0.7875,1099.34152985504,56.7599143042604
37,0.79,1093.44008222077,55.1692199385693
37,0.7925,1087.51881331983,53.6050581603229
37,0.795,1081.57728492798,52.0672852885027
37,0.7975,1075.61502438369,50.5557571504883
37,0.8,1069.63152294705,49.0703290705891
37,0.8025,1063.62623416495,47.6108558576987
37,0.805,1057.5985722471,46.177191792036
37,0.8075,1051.54791045669,44.7691906109298
37,0.81,1045.47357951981,43.3867054936118
37,0.8125,1039.37486605702,42.0295890449762
37,0.815,1033.2510110405,40.6976932782689
37,0.8175,1027.10120827926,39.3908695966706
37,0.82,1020.92460293473,38.108968773733
37,0.8225,1014.72029006798,36.8518409326372
37,0.825,1008.48731321901,35.6193355242343
37,0.8275,1002.22466301753,34.411301303837
37,0.83,995.931275823248,33.2275863067269
37,0.8325,989.60603239228,32.0680378223454
37,0.835,983.247756564508,30.9325023671341
37,0.8375,976.855213964613,29.8208256559958
37,0.84,970.427110707227,28.7328525723419
37,0.8425,963.962092093862,27.6684271366956
37,0.845,957.458741286163,26.6273924738203
37,0.8475,950.915577936422,25.6095907783394
37,0.85,944.331056752179,24.6148632788152
37,0.8525,937.703565967004,23.6430502002525
37,0.855,931.031425684201,22.693990724988
37,0.8575,924.312886054001,21.7675229519278
37,0.86,917.546125237845,20.8634838540867
37,0.8625,910.729247105345,19.9817092343804
37,0.865,903.860278600426,19.1220336796163
37,0.8675,896.937166702762,18.2842905126161
37,0.87,889.957774898801,17.4683117423989
37,0.8725,882.91987906314,16.6739280123386
37,0.875,875.82116263556,15.9009685461943
37,0.8775,868.659210961396,15.1492610918992
37,0.88,861.431504642639,14.4186318629675
37,0.8825,854.135411723971,13.7089054773615
37,0.885,846.768178511221,13.0199048936258
37,0.8875,839.326918788985,12.3514513440688
37,0.89,831.808601168671,11.7033642647279
37,0.8925,824.210034257073,11.0754612218117
37,0.895,816.527849287973,10.4675578342605
37,0.8975,808.75847980365,9.87946769200246
37,0.9,800.898137908366,9.31100226941216
37,0.9025,792.942786539865,8.76197083339678
37,0.905,784.888107115423,8.23218034543581
37,0.9075,776.729461803302,7.72143535678927
37,0.91,768.461849545055,7.22953789596011
37,0.9125,760.079854804452,6.7562873473418
37,0.915,751.577587839692,6.30148031980935
37,0.9175,742.948615079526,5.86491050380331
37,0.92,734.185877922315,5.44636851521742
37,0.9225,725.281597958085,5.04564172412008
37,0.925,716.22716622229,4.66251406600939
37,0.9275,707.013013606467,4.29676583291435
37,0.93,697.62845894928,3.94817344119841
37,0.9325,688.061530576622,3.61650917237825
37,0.935,678.298756104796,3.3015408826284
37,0.9375,668.324914102476,3.00303167587053
37,0.94,658.122739637496,2.72073953442174
37,0.9425,647.672573691384,2.45441690005681
37,0.945,636.951943735884,2.20381019697744
37,0.9475,625.935059185246,1.96865928651081
37,0.95,614.592200608972,1.74869684129493
37,0.9525,602.888974985357,1.54364762412937
37,0.955,590.785400107202,1.35322765342035
37,0.9575,578.23476830975,1.17714323300285
37,0.96,565.182221092104,1.0150898187678
37,0.9625,551.562938934687,0.866750687507365
37,0.965,537.299809738622,0.73179536405361
37,0.9675,522.300376499677,0.609877750134868
37,0.97,506.452765573612,0.50063388088421
37,0.9725,489.620134992496,0.403679210198442
37,0.975,471.632908426987,0.318605290234758
37,0.9775,452.277577121044,0.244975656600191
37,0.98,431.279955841887,0.18232064751011
37,0.9825,408.279014655449,0.130130750617408
37,0.985,382.783673682676,0.0878478425340071
37,0.9875,354.096286956711,0.0548532726591184
37,0.99,321.163925659078,0.0304509346315053
37,0.9925,282.249101158104,0.0138417167576224
37,0.995,234.039869022067,0.0040813414307145
37,0.9975,168.197026349694,0
37,1,0,0
64,0,2128.44717551186,2634.16466292847
64,0.0025,2128.42517476035,2617.92874963487
64,0.005,2128.35917897972,2601.75066148292
64,0.0075,2128.24920758566,2585.63039667967
64,0.01,2128.09529291784,2569.56795223739
64,0.0125,2127.89748021003,2553.56332397454
64,0.015,2127.65582754852,2537.61650651692
64,0.0175,2127.3704058186,2521.72749329931
64,0.02,2127.04129863937,2505.89627656736
64,0.0225,2126.66860228678,2490.12284737987
64,0.025,2126.25242560509,2474.40719561142
64,0.0275,2125.7928899069,2458.74930995529
64,0.03,2125.2901288617,2443.1491779268
64,0.0325,2124.74428837317,2427.60678586692
64,0.035,2124.15552644541,2412.12211894624
64,0.0375,2123.52401303813,2396.69516116924
64,0.04,2122.84992991103,2381.32589537894
64,0.0425,2122.13347045762,2366.01430326183
64,0.045,2121.37483952847,2350.7603653531
64,0.0475,2120.57425324425,2335.56406104225
64,0.05,2119.73193879881,2320.4253685789
64,0.0525,2118.84813425227,2305.34426507903
64,0.055,2117.92308831467,2290.3207265314
64,0.0575,2116.95706012017,2275.35472780432
64,0.06,2115.95031899223,2260.4462426527
64,0.0625,2114.90314419989,2245.59524372536
64,0.065,2113.81582470554,2230.8017025726
64,0.0675,2112.68865890438,2216.06558965409
64,0.07,2111.52195435595,2201.38687434695
64,0.0725,2110.31602750793,2186.76552495408
64,0.075,2109.07120341255,2172.20150871284
64,0.0775,2107.78781543606,2157.69479180378
64,0.08,2106.46620496133,2143.24533935976
64,0.0825,2105.10672108417,2128.85311547523
64,0.085,2103.70972030355,2114.51808321566
64,0.0875,2102.27556620613,2100.24020462728
64,0.09,2100.80462914543,2086.01944074695
64,0.0925,2099.29728591607,2071.85575161216
64,0.095,2097.75391942328,2057.74909627138
64,0.0975,2096.17491834831,2043.69943279435
64,0.1,2094.56067680983,2029.7067182827
64,0.1025,2092.91159402193,2015.77090888066
64,0.105,2091.22807394897,2001.89195978588
64,0.1075,2089.51052495773,1988.06982526042
64,0.11,2087.75935946722,1974.30445864184
64,0.1125,2085.97499359658,1960.59581235439
64,0.115,2084.15784681142,1946.94383792037
64,0.1175,2082.308341569,1933.34848597144
64,0.12,2080.42690296274,1919.80970626017
64,0.1225,2078.5139583663,1906.32744767158
64,0.125,2076.56993707775,1892.90165823469
64,0.1275,2074.59526996426,1879.53228513426
64,0.13,2072.59038910752,1866.21927472245
64,0.1325,2070.55572745051,1852.96257253058
64,0.135,2068.49171844589,1839.76212328087
64,0.1375,2066.39879570639,1826.61787089826
64,0.14,2064.2773926577,1813.52975852212
64,0.1425,2062.12794219414,1800.49772851809
64,0.145,2059.95087633754,1787.52172248982
64,0.1475,2057.74662589968,1774.60168129069
64,0.15,2055.51562014876,1761.73754503553
64,0.1525,2053.2582864801,1748.9292531123
64,0.155,2050.97505009164,1736.17674419365
64,0.1575,2048.66633366442,1723.47995624854
64,0.16,2046.33255704852,1710.83882655364
64,0.1625,2043.97413695469,1698.25329170484
64,0.165,2041.59148665217,1685.72328762848
64,0.1675,2039.18501567287,1673.24874959261
64,0.17,2036.7551295223,1660.82961221814
64,0.1725,2034.30222939761,1648.46580948981
64,0.175,2031.82671191296,1636.15727476714
64,0.1775,2029.32896883259,1623.90394079518
64,0.18,2026.80938681185,1611.70573971512
64,0.1825,2024.26834714642,1599.56260307487
64,0.185,2021.70622553009,1587.47446183936
64,0.1875,2019.12339182129,1575.44124640077
64,0.19,2016.52020981857,1563.46288658855
64,0.1925,2013.89703704539,1551.53931167937
64,0.195,2011.25422454433,1539.67045040674
64,0.1975,2008.59211668098,1527.85623097065
64,0.2,2005.91105095769,1516.09658104682
64,0.2025,2003.21135783742,1504.39142779597
64,0.205,2000.4933605777,1492.7406978727
64,0.2075,1997.75737507512,1481.14431743438
64,0.21,1995.00370972024,1469.60221214963
64,0.2125,1992.23266526321,1458.11430720675
64,0.215,1989.44453469015,1446.68052732191
64,0.2175,1986.6396031104,1435.30079674705
64,0.22,1983.81814765479,1423.97503927768
64,0.2225,1980.98043738488,1412.70317826038
64,0.225,1978.12673321338,1401.48513660013
64,0.2275,1975.25728783564,1390.32083676738
64,0.23,1972.37234567242,1379.21020080491
64,0.2325,1969.47214282375,1368.1531503345
64,0.235,1966.55690703405,1357.14960656332
64,0.2375,1963.62685766844,1346.19949029013
64,0.24,1960.68220570013,1335.30272191123
64,0.2425,1957.72315370904,1324.45922142619
64,0.245,1954.74989589129,1313.66890844336
64,0.2475,1951.76261807987,1302.93170218517
64,0.25,1948.76149777598,1292.24752149312
64,0.2525,1945.74670419135,1281.61628483265
64,0.255,1942.71839830101,1271.03791029773
64,0.2575,1939.67673290676,1260.51231561523
64,0.26,1936.62185271089,1250.03941814905
64,0.2625,1933.55389440015,1239.61913490408
64,0.265,1930.47298673976,1229.25138252991
64,0.2675,1927.3792506772,1218.93607732431
64,0.27,1924.27279945567,1208.67313523655
64,0.2725,1921.15373873692,1198.46247187041
64,0.275,1918.0221667333,1188.30400248714
64,0.2775,1914.87817434865,1178.19764200806
64,0.28,1911.7218453279,1168.14330501706
64,0.2825,1908.55325641508,1158.14090576286
64,0.285,1905.3724775193,1148.1903581611
64,0.2875,1902.1795718887,1138.29157579627
64,0.29,1898.97459629175,1128.44447192336
64,0.2925,1895.75760120576,1118.64895946948
64,0.295,1892.52863101225,1108.90495103516
64,0.2975,1889.28772419874,1099.21235889562
64,0.3,1886.03491356673,1089.57109500177
64,0.3025,1882.77022644541,1079.98107098111
64,0.305,1879.49368491082,1070.4421981385
64,0.3075,1876.20530600992,1060.95438745671
64,0.31,1872.90510198943,1051.51754959694
64,0.3125,1869.59308052875,1042.13159489911
64,0.315,1866.26924497679,1032.79643338209
64,0.3175,1862.93359459221,1023.51197474378
64,0.32,1859.58612478661,1014.27812836109
64,0.3225,1856.22682737032,1005.09480328982
64,0.325,1852.85569080032,995.961908264458
64,0.3275,1849.4727004299,986.879351697815
64,0.33,1846.07783875955,977.847041680674
64,0.3325,1842.67108568874,968.864885981296
64,0.335,1839.25241876804,959.932792044875
64,0.3375,1835.82181345127,951.050666992928
64,0.34,1832.37924334709,942.218417622632
64,0.3425,1828.9246804697,933.435950406102
64,0.345,1825.45809548816,924.703171489633
64,0.3475,1821.97945797391,916.019986692904
64,0.35,1818.48873664599,907.386301508149
64,0.3525,1814.98589961366,898.802021099308
64,0.355,1811.47091461575,890.267050301164
64,0.3575,1807.94374925664,881.781293618461
64,0.36,1804.40437123809,873.344655225027
64,0.3625,1800.85274858681,864.957038962896
64,0.365,1797.2888498771,856.61834834144
64,0.3675,1793.71264444837,848.328486536514
64,0.37,1790.12410261699,840.087356389623
64,0.3725,1786.52319588216,831.894860407116
64,0.375,1782.90989712538,823.750900759414
64,0.3775,1779.28418080316,815.655379280269
64,0.38,1775.64602313265,807.608197466072
64,0.3825,1771.99540226973,799.609256475209
64,0.385,1768.33229847942,791.658457127462
64,0.3875,1764.65669429801,783.755699903479
64,0.39,1760.96857468688,775.900884944297
64,0.3925,1757.26792717754,768.093912050932
64,0.395,1753.55474200767,760.334680684041
64,0.3975,1749.8290122478,752.623089963661
64,0.4,1746.09073391864,744.959038669012
64,0.4025,1742.33990609844,737.342425238397
64,0.405,1738.5765310205,729.773147769173
64,0.4075,1734.80061416048,722.251104017814
64,0.41,1731.01216431335,714.776191400057
64,0.4125,1727.21119365975,707.348306991142
64,0.415,1723.39771782186,699.967347526144
64,0.4175,1719.57175590828,692.633209400397
64,0.42,1715.7333305482,685.345788670011
64,0.4225,1711.88246791455,678.104981052491
64,0.425,1708.01919773607,670.910681927443
64,0.4275,1704.14355329843,663.762786337388
64,0.43,1700.2555714342,656.661188988658
64,0.4325,1696.35529250183,649.605784252405
64,0.435,1692.44276035347,642.596466165692
64,0.4375,1688.518022292,635.633128432687
64,0.44,1684.58112901697,628.715664425946
64,0.4425,1680.63213455984,621.843967187793
64,0.445,1676.67109620854,615.017929431787
64,0.4475,1672.69807442143,608.237443544275
64,0.45,1668.71313273097,601.502401586042
64,0.4525,1664.71633763719,594.812695294028
64,0.455,1660.70775849116,588.168216083142
64,0.4575,1656.68746736884,581.568855048144
64,0.46,1652.6555389354,575.0145029656
64,0.4625,1648.61205030041,568.505050295915
64,0.465,1644.55708086419,562.040387185425
64,0.4675,1640.4907121556,555.620403468557
64,0.47,1636.41302766172,549.244988670038
64,0.4725,1632.32411264969,542.914032007173
64,0.475,1628.22405398118,536.62742239215
64,0.4775,1624.11293991991,530.38504843441
64,0.48,1619.99085993261,524.186798443039
64,0.4825,1615.85790448392,518.0325604292
64,0.485,1611.71416482571,511.922222108591
64,0.4875,1607.55973278131,505.855670903925
64,0.49,1603.39470052511,499.832793947423
64,0.4925,1599.21916035822,493.85347808332
64,0.495,1595.03320448052,487.917609870371
64,0.4975,1590.83692475989,482.025075584356
64,0.5,1586.63041249899,476.175761220577
64,0.5025,1582.41375820035,470.369552496339
64,0.505,1578.18705133028,464.606334853405
64,0.5075,1573.95038008226,458.885993460431
64,0.51,1569.70383114039,453.208413215362
64,0.5125,1565.4474894436,447.573478747783
64,0.515,1561.18143795118,441.981074421229
64,0.5175,1556.90575741038,436.43108433544
64,0.52,1552.6205261266,430.923392328554
64,0.5225,1548.32581973701,425.457881979232
64,0.525,1544.02171098802,420.034436608718
64,0.5275,1539.70826951749,414.652939282809
64,0.53,1535.38556164221,409.313272813752
64,0.5325,1531.0536501513,404.015319762044
64,0.535,1526.7125941062,398.758962438138
64,0.5375,1522.36244864798,393.544082904046
64,0.54,1518.00326481243,388.37056297484
64,0.5425,1513.63508935368,383.238284220037
64,0.545,1509.25796457697,378.147127964867
64,0.5475,1504.87192818106,373.096975291427
64,0.55,1500.47701311099,368.087707039702
64,0.5525,1496.07324742165,363.119203808461
64,0.555,1491.66065415284,358.191345956018
64,0.5575,1487.23925121613,353.30401360086
64,0.56,1482.80905129424,348.457086622132
64,0.5625,1478.37006175333,343.650444659983
64,0.565,1473.92228456862,338.883967115765
64,0.5675,1469.46571626374,334.157533152086
64,0.57,1465.00034786432,329.471021692717
64,0.5725,1460.52616486608,324.824311422348
64,0.575,1456.04314721769,320.217280786194
64,0.5775,1451.5512693188,315.649807989448
64,0.58,1447.05050003344,311.121770996591
64,0.5825,1442.54080271895,306.633047530537
64,0.585,1438.02213527059,302.183515071649
64,0.5875,1433.49445018204,297.773050856584
64,0.59,1428.95769462176,293.401531877011
64,0.5925,1424.41181052524,289.068834878169
64,0.595,1419.85673470315,284.774836357295
64,0.5975,1415.29239896524,280.519412561904
64,0.6,1410.71873025991,276.302439487936
64,0.6025,1406.13565082921,272.123792877775
64,0.605,1401.54307837904,267.983348218133
64,0.6075,1396.94092626417,263.880980737814
64,0.61,1392.32910368788,259.816565405363
64,0.6125,1387.70751591556,255.789976926596
64,0.615,1383.07606450196,251.801089742028
64,0.6175,1378.43464753139,247.849778024201
64,0.62,1373.78315987039,243.935915674908
64,0.6225,1369.12149343208,240.059376322345
64,0.625,1364.44953745142,236.220033318166
64,0.6275,1359.76717877071,232.417759734484
64,0.63,1355.07430213427,228.652428360786
64,0.6325,1350.37079049143,224.923911700809
64,0.635,1345.65652530688,221.232081969359
64,0.6375,1340.93138687717,217.576811089086
64,0.64,1336.19525465233,213.957970687238
64,0.6425,1331.44800756126,210.375432092382
64,0.645,1326.68952433987,206.829066331117
64,0.6475,1321.91968386028,203.318744124776
64,0.65,1317.13836546004,199.844335886139
64,0.6525,1312.34544926966,196.405711716154
64,0.655,1307.54081653704,193.00274140068
64,0.6575,1302.72434994727,189.635294407257
64,0.66,1297.89593393605,186.303239881928
64,0.6625,1293.05545499524,183.006446646088
64,0.665,1288.20280196859,179.74478319341
64,0.6675,1283.33786633613,176.518117686819
64,0.67,1278.46054248526,173.326317955545
64,0.6725,1273.57072796669,170.169251492257
64,0.675,1268.66832373352,167.046785450273
64,0.6775,1263.75323436133,163.958786640878
64,0.68,1258.82536824752,160.905121530723
64,0.6825,1253.88463778793,157.885656239342
64,0.685,1248.93095952869,154.900256536768
64,0.6875,1243.9642542915,151.948787841268
64,0.69,1238.98444727018,149.031115217194
64,0.6925,1233.99146809672,146.147103372946
64,0.695,1228.98525087472,143.296616659062
64,0.6975,1223.96573417842,140.47951906643
64,0.7,1218.93286101536,137.695674224616
64,0.7025,1213.88657875078,134.944945400317
64,0.705,1208.82683899199,132.227195495931
64,0.7075,1203.75359743097,129.542287048244
64,0.71,1198.6668136433,126.890082227222
64,0.7125,1193.56645084207,124.270442834916
64,0.715,1188.45247558496,121.683230304463
64,0.7175,1183.3248574331,119.128305699175
64,0.72,1178.18356856042,116.605529711714
64,0.7225,1173.02858331202,114.114762663333
64,0.725,1167.85987771067,111.655864503186
64,0.7275,1162.67742891012,109.228694807667
64,0.73,1157.48121459466,106.833112779798
64,0.7325,1152.27121232388,104.468977248615
64,0.735,1147.04739882233,102.136146668567
64,0.7375,1141.80974921346,99.8344791188754
64,0.74,1136.55823619782,97.5638323028625
64,0.7425,1131.29282917533,95.3240635472094
64,0.745,1126.01349331186,93.1150298011242
64,0.7475,1120.72018855055,90.9365876353955
64,0.75,1115.41286856845,88.7885932413043
64,0.7525,1110.09147967923,86.6709024293659
64,0.755,1104.75595968329,84.5833706278703
64,0.7575,1099.40623666628,82.5258528811935
64,0.76,1094.0422277479,80.498203847843
64,0.7625,1088.66383778269,78.5002777982067
64,0.765,1083.27095801491,76.5319286119672
64,0.7675,1077.86346469002,74.5930097751479
64,0.77,1072.44121762528,72.6833743767503
64,0.7725,1067.0040587425,70.8028751049457
64,0.775,1061.55181056613,68.9513642427808
64,0.7775,1056.08427469016,67.1286936633551
64,0.78,1050.60123021754,65.334714824432
64,0.7825,1045.10243217623,63.5692787624362
64,0.785,1039.58760991598,61.8322360857991
64,0.7875,1034.05646549039,60.1234369676054
64,0.79,1028.508672029,58.4427311374985
64,0.7925,1022.94387210411,56.7899678728
64,0.795,1017.3616760975,55.1649959887996
64,0.7975,1011.76166057216,53.567663828169
64,0.8,1006.14336665427,51.9978192494591
64,0.8025,1000.50629843071,50.4553096146321
64,0.805,994.849921367304,48.9399817755894
64,0.8075,989.173660753161,47.4516820596491
64,0.81,983.476900175916,45.990256253932
64,0.8125,977.758980032859,44.5555495886153
64,0.815,972.019196082358,43.1474067190121
64,0.8175,966.256798039623,41.7656717064387
64,0.82,960.470988220338,40.4101879978308
64,0.8225,954.660920234929,39.0807984040722
64,0.825,948.82569773545,37.7773450769995
64,0.8275,942.964373216002,36.4996694850508
64,0.83,937.075946866392,35.2476123875233
64,0.8325,931.159365477291,34.0210138074104
64,0.835,925.213521393436,32.8197130027886
64,0.8375,919.237251509433,31.6435484367242
64,0.84,913.22933630041,30.4923577456739
64,0.8425,907.188498877083,29.3659777063531
64,0.845,901.113404051682,28.2642442010452
64,0.8475,895.002657397692,27.1869921813272
64,0.85,888.854804282185,26.1340556301853
64,0.8525,882.668328844916,25.1052675224964
64,0.855,876.441652892984,24.1004597838442
64,0.8575,870.1731346737,23.1194632476434
64,0.86,863.861067481383,22.1621076105362
64,0.8625,857.503678045776,21.2282213860246
64,0.865,851.099124640734,20.3176318562939
64,0.8675,844.645494841386,19.4301650221769
64,0.87,838.140802846226,18.565645551197
64,0.8725,831.582986266953,17.7238967236175
64,0.875,824.969902273525,16.9047403764112
64,0.8775,818.299322964122,16.1079968450431
64,0.88,811.568929809536,15.3334849029436
64,0.8825,804.77630699818,14.5810216985179
64,0.885,797.918933481298,13.8504226895132
64,0.8875,790.994173487142,13.1415015745271
64,0.89,783.999265237421,12.4540702213986
64,0.8925,776.931307558303,11.7879385921762
64,0.895,769.787244030608,11.1429146642982
64,0.8975,762.563844268479,10.5188043475563
64,0.9,755.257681851137,9.91541139633217
64,0.9025,747.865108356661,9.33253731650832
64,0.905,740.382222857688,8.76998126634754
64,0.9075,732.804836133893,8.2275399505124
64,0.91,725.128428731539,7.7050075062524
64,0.9125,717.348101852027,7.2021753806192
64,0.915,709.458519873759,6.71883219737588
64,0.9175,701.453843097898,6.25476361203856
64,0.92,693.327649049887,5.80975215322323
64,0.9225,685.072840353539,5.38357704815967
64,0.925,676.681536808371,4.97601402986967
64,0.9275,668.144948824334,4.58683512307744
64,0.93,659.453228775596,4.21580840541363
64,0.9325,650.595296092711,3.86269773987465
64,0.935,641.558630974473,3.52726247378533
64,0.9375,632.329030404941,3.2092570986604
64,0.94,622.890318621871,2.90843086433641
64,0.9425,613.224002181255,2.62452733950798
64,0.945,603.308857131015,2.35728390929715
64,0.9475,593.120432305559,2.10643119864015
64,0.95,582.630448034496,1.87169240799719
64,0.9525,571.80606311117,1.6527825450492
64,0.955,560.608973922192,1.44940753246659
64,0.9575,548.994297024272,1.26126316727513
64,0.96,536.90916833797,1.08803390146075
64,0.9625,524.29096558444,0.929391405756057
64,0.965,511.065020827768,0.784992868315743
64,0.9675,497.141628921339,0.654478966135051
64,0.97,482.412061222929,0.537471427936708
64,0.9725,466.743136739814,0.433570080226756
64,0.975,449.969637088372,0.342349229027928
64,0.9775,431.883382906039,0.263353171219885
64,0.98,412.216920449482,0.196090538713829
64,0.9825,390.618057623635,0.14002703225834
64,0.985,366.607871659194,0.094575853070217
64,0.9875,339.506426347934,0.0590846914412047
64,0.99,308.288553574643,0.0328172542034713
64,0.9925,271.264865282815,0.0149254129205679
64,0.995,225.22050639421,0.00440330652404309
64,0.9975,162.076705534035,0
64,1,0,0
65,0,1817.94625923204,3128.92995625663
65,0.0025,1817.92492506268,3109.53699624642
65,0.005,1817.86092951408,3090.21417526978
65,0.0075,1817.75429345824,3070.96149085762
65,0.01,1817.60505166045,3051.77893889573
65,0.0125,1817.41325274727,3032.66651362607
65,0.015,1817.1789591617,3013.62420764867
65,0.0175,1816.9022471057,2994.65201192403
65,0.02,1816.58320646997,2975.74991577608
65,0.0225,1816.22194075123,2956.91790689561
65,0.025,1815.81856695699,2938.15597134429
65,0.0275,1815.37321549793,2919.46409355919
65,0.03,1814.88603006804,2900.8422563578
65,0.0325,1814.3571675126,2882.29044094357
65,0.035,1813.7867976842,2863.80862691196
65,0.0375,1813.17510328694,2845.39679225702
65,0.04,1812.52227970898,2827.05491337839
65,0.0425,1811.82853484355,2808.78296508889
65,0.045,1811.09408889881,2790.58092062252
65,0.0475,1810.31917419655,2772.44875164293
65,0.05,1809.50403496011,2754.38642825243
65,0.0525,1808.64892709163,2736.39391900139
65,0.055,1807.75411793902,2718.4711908981
65,0.0575,1806.81988605277,2700.6182094191
65,0.06,1805.84652093292,2682.83493851995
65,0.0625,1804.83432276656,2665.12134064633
65,0.065,1803.78360215593,2647.4773767457
65,0.0675,1802.69467983768,2629.90300627926
65,0.07,1801.56788639341,2612.39818723427
65,0.0725,1800.40356195189,2594.96287613689
65,0.075,1799.20205588328,2577.59702806524
65,0.0775,1797.96372648568,2560.30059666292
65,0.08,1796.68894066438,2543.0735341528
65,0.0825,1795.37807360412,2525.91579135119
65,0.085,1794.03150843473,2508.82731768233
65,0.0875,1792.64963589065,2491.80806119314
65,0.09,1791.23285396442,2474.85796856834
65,0.0925,1789.7815675549,2457.97698514575
65,0.095,1788.29618811023,2441.16505493196
65,0.0975,1786.77713326625,2424.42212061819
65,0.1,1785.22482648055,2407.74812359637
65,0.1025,1783.63969666272,2391.14300397553
65,0.105,1782.02217780104,2374.60670059832
65,0.1075,1780.37270858625,2358.13915105775
65,0.11,1778.69173203256,2341.74029171415
65,0.1125,1776.97969509655,2325.4100577122
65,0.115,1775.23704829426,2309.14838299823
65,0.1175,1773.46424531689,2292.95520033759
65,0.12,1771.66174264561,2276.83044133213
65,0.1225,1769.82999916584,2260.77403643784
65,0.125,1767.96947578151,2244.78591498254
65,0.1275,1766.08063502961,2228.86600518366
65,0.13,1764.16394069556,2213.01423416611
65,0.1325,1762.21985742982,2197.23052798013
65,0.135,1760.24885036612,2181.51481161927
65,0.1375,1758.25138474171,2165.86700903828
65,0.14,1756.22792552023,2150.28704317111
65,0.1425,1754.17893701736,2134.77483594881
65,0.145,1752.10488252987,2119.33030831748
65,0.1475,1750.00622396838,2103.95338025611
65,0.15,1747.88342149429,2088.64397079442
65,0.1525,1745.73693316127,2073.40199803063
65,0.155,1743.56721456167,2058.22737914909
65,0.1575,1741.37471847829,2043.12003043788
65,0.16,1739.15989454191,2028.07986730631
65,0.1625,1736.92318889486,2013.10680430222
65,0.165,1734.66504386117,1998.2007551292
65,0.1675,1732.38589762345,1983.36163266369
65,0.17,1730.0861839071,1968.58934897184
65,0.1725,1727.76633167196,1953.8838153263
65,0.175,1725.42676481192,1939.2449422227
65,0.1775,1723.0679018627,1924.67263939606
65,0.18,1720.69015571824,1910.16681583693
65,0.1825,1718.29393335584,1895.7273798073
65,0.185,1715.87963557053,1881.35423885629
65,0.1875,1713.44765671879,1867.04729983568
65,0.19,1710.9983844721,1852.80646891505
65,0.1925,1708.53219958029,1838.63165159676
65,0.195,1706.04947564529,1824.52275273069
65,0.1975,1703.55057890518,1810.47967652856
65,0.2,1701.03586802905,1796.50232657815
65,0.2025,1698.50569392267,1782.59060585708
65,0.205,1695.96039954532,1768.74441674638
65,0.2075,1693.40031973782,1754.9636610437
65,0.21,1690.8257810621,1741.24823997626
65,0.2125,1688.23710165229,1727.5980542134
65,0.215,1685.63459107763,1714.01300387891
65,0.2175,1683.01855021718,1700.49298856293
65,0.22,1680.38927114655,1687.03790733358
65,0.2225,1677.7470370367,1673.64765874824
65,0.225,1675.09212206488,1660.32214086442
65,0.2275,1672.4247913378,1647.06125125043
65,0.23,1669.74530082706,1633.86488699551
65,0.2325,1667.05389731686,1620.73294471978
65,0.235,1664.35081836401,1607.66532058373
65,0.2375,1661.63629227033,1594.66191029738
65,0.24,1658.9105380672,1581.72260912911
65,0.2425,1656.17376551248,1568.84731191407
65,0.245,1653.42617509955,1556.03591306234
65,0.2475,1650.66795807857,1543.2883065666
65,0.25,1647.89929648972,1530.60438600955
65,0.2525,1645.12036320837,1517.9840445709
65,0.255,1642.33132200219,1505.42717503407
65,0.2575,1639.53232759981,1492.9336697925
65,0.26,1636.72352577116,1480.50342085561
65,0.2625,1633.90505341909,1468.13631985444
65,0.265,1631.07703868223,1455.83225804691
65,0.2675,1628.23960104884,1443.59112632278
65,0.27,1625.39285148144,1431.41281520827
65,0.2725,1622.53689255201,1419.2972148703
65,0.275,1619.67181858744,1407.24421512051
65,0.2775,1616.79771582509,1395.25370541883
65,0.28,1613.91466257808,1383.32557487687
65,0.2825,1611.02272941005,1371.45971226089
65,0.285,1608.12197931916,1359.65600599457
65,0.2875,1605.21246793084,1347.91434416139
65,0.29,1602.29424369915,1336.23461450682
65,0.2925,1599.36734811629,1324.61670444017
65,0.295,1596.43181592989,1313.06050103619
65,0.2975,1593.48767536783,1301.56589103641
65,0.3,1590.53494837006,1290.13276085023
65,0.3025,1587.57365082708,1278.76099655578
65,0.305,1584.60379282479,1267.45048390051
65,0.3075,1581.62537889505,1256.20110830161
65,0.31,1578.63840827176,1245.01275484614
65,0.3125,1575.64287515194,1233.88530829105
65,0.315,1572.63876896126,1222.81865306291
65,0.3175,1569.62607462381,1211.81267325754
65,0.32,1566.60477283537,1200.86725263941
65,0.3225,1563.57484033992,1189.9822746409
65,0.325,1560.53625020886,1179.15762236139
65,0.3275,1557.48897212242,1168.39317856625
65,0.33,1554.43297265278,1157.68882568563
65,0.3325,1551.36821554853,1147.04444581321
65,0.335,1548.29466201976,1136.45992070477
65,0.3375,1545.21227102354,1125.93513177673
65,0.34,1542.12099954909,1115.46996010452
65,0.3425,1539.02080290221,1105.06428642095
65,0.345,1535.91163498856,1094.71799111448
65,0.3475,1532.79344859511,1084.43095422744
65,0.35,1529.66619566947,1074.20305545423
65,0.3525,1526.52982759642,1064.03417413941
65,0.355,1523.38429547125,1053.92418927589
65,0.3575,1520.22955036946,1043.87297950299
65,0.36,1517.06554361217,1033.8804231046
65,0.3625,1513.89222702695,1023.94639800727
65,0.365,1510.70955320348,1014.07078177833
65,0.3675,1507.51747574361,1004.25345162414
65,0.37,1504.31594950532,994.494284388208
65,0.3725,1501.10493084026,984.793156549511
65,0.375,1497.8843778242,975.149944220783
65,0.3775,1494.6542504802,965.564523146907
65,0.38,1491.41451099392,956.036768703369
65,0.3825,1488.16512392073,946.5665558948
65,0.385,1484.90605638415,937.153759353609
65,0.3875,1481.6372782654,927.798253338713
65,0.39,1478.35876238349,918.499911734377
65,0.3925,1475.0704846656,909.258608049166
65,0.395,1471.77242430748,900.074215415011
65,0.3975,1468.46456392336,890.946606586413
65,0.4,1465.14688968526,881.875653939768
65,0.4025,1461.81939145133,872.861229472835
65,0.405,1458.48206288289,863.903204804343
65,0.4075,1455.13490155006,855.001451173751
65,0.41,1451.77790902566,846.155839441148
65,0.4125,1448.4110909672,837.366240087317
65,0.415,1445.03445718679,828.632523213955
65,0.4175,1441.64802170872,819.954558544049
65,0.42,1438.25180281478,811.332215422416
65,0.4225,1434.84582307694,802.765362816411
65,0.425,1431.43010937752,794.253869316798
65,0.4275,1428.00469291662,785.797603138785
65,0.43,1424.56960920692,777.396432123229
65,0.4325,1421.1248980557,769.050223738005
65,0.435,1417.67060353416,760.758845079545
65,0.4375,1414.20677393407,752.522162874535
65,0.44,1410.73346171182,744.34004348178
65,0.4425,1407.25072341988,736.212352894224
65,0.445,1403.75861962595,728.13895674114
65,0.4475,1400.25721481978,720.119720290459
65,0.45,1396.74657730791,712.154508451262
65,0.4525,1393.22677909651,704.243185776414
65,0.455,1389.69789576258,696.385616465343
65,0.4575,1386.16000631373,688.581664366955
65,0.46,1382.61319303679,680.831192982685
65,0.4625,1379.05754133567,673.134065469665
65,0.465,1375.49313955868,665.490144644028
65,0.4675,1371.92007881574,657.899292984311
65,0.47,1368.33845278589,650.361372634971
65,0.4725,1364.74835751545,642.876245409999
65,0.475,1361.14989120733,635.443772796628
65,0.4775,1357.54315400194,628.06381595912
65,0.48,1353.92824775021,620.73623574263
65,0.4825,1350.30527577916,613.460892677134
65,0.485,1346.67434265071,606.237646981419
65,0.4875,1343.03555391418,599.066358567113
65,0.49,1339.38901585305,591.946887042763
65,0.4925,1335.73483522671,584.87909171793
65,0.495,1332.07311900772,577.862831607309
65,0.4975,1328.40397411527,570.897965434859
65,0.5,1324.72750714557,563.984351637927
65,0.5025,1321.04382409967,557.121848371359
65,0.505,1317.35303010967,550.310313511591
65,0.5075,1313.65522916384,543.549604660706
65,0.51,1309.95052383145,536.839579150444
65,0.5125,1306.23901498805,530.180094046163
65,0.515,1302.52080154201,523.571006150725
65,0.5175,1298.79598016295,517.012172008317
65,0.52,1295.064645013,510.50344790818
65,0.5225,1291.3268874815,504.044689888242
65,0.525,1287.58279592411,497.63575373864
65,0.5275,1283.83245540689,491.276495005134
65,0.53,1280.07594745639,484.966768992389
65,0.5325,1276.3133498163,478.706430767115
65,0.535,1272.54473621163,472.495335161073
65,0.5375,1268.77017612106,466.333336773915
65,0.54,1264.98973455836,460.220289975865
65,0.5425,1261.20347186346,454.156048910232
65,0.545,1257.41144350419,448.140467495732
65,0.5475,1253.61369988912,442.173399428631
65,0.55,1249.81028619243,436.254698184691
65,0.5525,1246.00124219155,430.384217020907
65,0.555,1242.18660211795,424.561808977051
65,0.5575,1238.36639452218,418.787326876986
65,0.56,1234.54064215336,413.060623329769
65,0.5625,1230.70936185412,407.381550730529
65,0.565,1226.87256447119,401.749961261116
65,0.5675,1223.03025478254,396.165706890523
65,0.57,1219.18243144128,390.628639375064
65,0.5725,1215.32908693704,385.13861025833
65,0.575,1211.47020757506,379.695470870891
65,0.5775,1207.60577347351,374.299072329773
65,0.58,1203.73575857931,368.94926553769
65,0.5825,1199.86013070284,363.645901182039
65,0.585,1195.97885157164,358.388829733655
65,0.5875,1192.09187690347,353.177901445338
65,0.59,1188.19915649873,348.012966350144
65,0.5925,1184.3006343524,342.893874259447
65,0.595,1180.39624878546,337.820474760777
65,0.5975,1176.48593259588,332.792617215445
65,0.6,1172.5696132289,327.810150755945
65,0.6025,1168.64721296661,322.872924283157
65,0.605,1164.71864913648,317.98078646335
65,0.6075,1160.78383433857,313.133585724989
65,0.61,1156.84267669108,308.331170255364
65,0.6125,1152.89508009373,303.573387997049
65,0.615,1148.94094450854,298.860086644188
65,0.6175,1144.98016625731,294.191113638639
65,0.62,1141.01263833522,289.566316165973
65,0.6225,1137.03825073968,284.985541151347
65,0.625,1133.05689081384,280.448635255258
65,0.6275,1129.06844360348,275.955444869196
65,0.63,1125.07279222667,271.505816111211
65,0.6325,1121.06981825489,267.099594821403
65,0.635,1117.05940210453,262.73662655735
65,0.6375,1113.04142343755,258.416756589499
65,0.64,1109.01576157,254.13982989652
65,0.6425,1104.98229588695,249.905691160649
65,0.645,1100.94090626243,245.714184763037
65,0.6475,1096.89147348283,241.565154779114
65,0.65,1092.83387967203,237.458444973989
65,0.6525,1088.76800871673,233.393898797903
65,0.655,1084.69374669011,229.371359381751
65,0.6575,1080.61098227194,225.39066953268
65,0.66,1076.51960716339,221.451671729803
65,0.6625,1072.4195164944,217.554208120012
65,0.665,1068.31060922164,213.69812051394
65,0.6675,1064.19278851508,209.883250382054
65,0.67,1060.06596213084,206.109438850928
65,0.6725,1055.93004276823,202.376526699676
65,0.675,1051.78494840881,198.684354356591
65,0.6775,1047.63060263509,195.032761895973
65,0.68,1043.46693492658,191.421589035188
65,0.6825,1039.29388093097,187.850675131942
65,0.685,1035.11138270797,184.319859181802
65,0.6875,1030.9193889435,180.828979815955
65,0.69,1026.71785513191,177.377875299236
65,0.6925,1022.50674372382,173.966383528404
65,0.695,1018.28602423719,170.594342030697
65,0.6975,1014.05567332947,167.261587962653
65,0.7,1009.81567482833,163.967958109215
65,0.7025,1005.56601971886,160.713288883099
65,0.705,1001.30670608498,157.497416324454
65,0.7075,997.037739002974,154.320176100782
65,0.71,992.759130385001,151.18140350714
65,0.7125,988.470898770706,148.080933466591
65,0.715,984.173069064992,145.018600530928
65,0.7175,979.865672220188,141.994238881631
65,0.72,975.548744861014,139.00768233106
65,0.7225,971.222328850778,136.05876432387
65,0.725,966.886470797505,133.147317938625
65,0.7275,962.541221498774,130.273175889599
65,0.73,958.186635324272,127.436170528732
65,0.7325,953.822769535247,124.636133847729
65,0.735,949.449683540255,121.87289748027
65,0.7375,945.067438086829,119.146292704304
65,0.74,940.676094388921,116.456150444386
65,0.7425,936.275713190241,113.802301274048
65,0.745,931.86635376388,111.184575418135
65,0.7475,927.448072848891,108.602802755096
65,0.75,923.020923524788,106.05681281917
65,0.7525,918.584954025273,103.546434802439
65,0.755,914.140206492796,101.071497556682
65,0.7575,909.686715675903,98.631829595007
65,0.76,905.224507571705,96.227259093189
65,0.7625,900.753598016136,93.857613890673
65,0.765,896.273991225075,91.5227214911851
65,0.7675,891.785678289775,89.2224090628957
65,0.77,887.28863563046,86.9565034380754
65,0.7725,882.782823412331,84.7248311121851
65,0.775,878.268183928656,82.5272182423397
65,0.7775,873.744639956011,80.3634906450807
65,0.78,869.212093087167,78.2334737933976
65,0.7825,864.670422047522,76.136992812931
65,0.785,860.119481001371,74.0738724772932
65,0.7875,855.55909785473,72.0439372024422
65,0.79,850.989072561786,70.0470110400413
65,0.7925,846.409175442408,68.0829176697413
65,0.795,841.819145518544,66.1514803903193
65,0.7975,837.21868887756,64.252522109609
65,0.8,832.60747707094,62.3858653331617
65,0.8025,827.985145556936,60.5513321515733
65,0.805,823.351292195995,58.7487442264204
65,0.8075,818.705475807884,56.9779227747447
65,0.81,814.047214799493,55.2386885520308
65,0.8125,809.375985872309,53.5308618336267
65,0.815,804.691222818393,51.8542623945525
65,0.8175,799.992315413512,50.2087094876562
65,0.82,795.278608415701,48.5940218200695
65,0.8225,790.549400677092,47.010017527927
65,0.825,785.803944376151,45.4565141493156
65,0.8275,781.041444376702,43.9333285954211
65,0.83,776.261057719048,42.4402771198506
65,0.8325,771.461893247276,40.9771752861098
65,0.835,766.643011375281,39.5438379332202
65,0.8375,761.803423992272,38.1400791394681
65,0.84,756.942094506329,36.7657121842817
65,0.8425,752.057938022086,35.4205495082366
65,0.845,747.149821645654,34.1044026711996
65,0.8475,742.216564906434,32.8170823086184
65,0.85,737.256940281531,31.5583980859774
65,0.8525,732.269673803832,30.3281586514375
65,0.855,727.253445729554,29.1261715866836
65,0.8575,722.206891234942,27.9522433560068
65,0.86,717.128601104825,26.8061792536465
65,0.8625,712.017122367747,25.6877833494204
65,0.865,706.870958823182,24.5968584326663
65,0.8675,701.68857139589,23.5332059545153
65,0.87,696.468378240479,22.4966259685114
65,0.8725,691.208754505493,21.4869170695813
65,0.875,685.908031650687,20.5038763313444
65,0.8775,680.564496193163,19.5472992417367
65,0.88,675.176387737481,18.6169796369021
65,0.8825,669.741896121255,17.7127096332724
65,0.885,664.259157480626,16.8342795577285
65,0.8875,658.726249008861,15.9814778756881
65,0.89,653.141182145357,15.1540911169205
65,0.8925,647.501893890863,14.3519037988243
65,0.895,641.806235896667,13.5746983468325
65,0.8975,636.051960919731,12.8222550115257
65,0.9,630.236706170805,12.0943517819284
65,0.9025,624.357973006677,11.3907642943486
65,0.905,618.413102328794,10.7112657359752
65,0.9075,612.399244945745,10.0556267422847
65,0.91,606.313326033432,9.42361528711435
65,0.9125,600.152002679781,8.81499656402907
65,0.915,593.911613325586,8.22953285734564
65,0.9175,587.58811770283,7.6669834008629
65,0.92,581.177025618241,7.12710422198015
65,0.9225,574.673312622081,6.60964796845714
65,0.925,568.07132022635,6.11436371456106
65,0.9275,561.36463787434,5.64099674275107
65,0.93,554.545963290885,5.18928829634694
65,0.9325,547.606937127587,4.75897529779314
65,0.935,540.537946916983,4.34979002613915
65,0.9375,533.327894205589,3.96145974617196
65,0.94,525.963917268162,3.59370628021649
65,0.9425,518.43105990314,3.24624551190556
65,0.945,510.711874315833,2.91878680914086
65,0.9475,502.785942788512,2.6110323509236
65,0.95,494.62929839238,2.32267633959967
65,0.9525,486.213718940605,2.05340407616956
65,0.955,477.505860003224,1.80289087142229
65,0.9575,468.46618101875,1.5708007594432
65,0.96,459.047601652963,1.3567849720632
65,0.9625,449.193800875746,1.16048012240907
65,0.965,438.837034339544,0.981506031930038
65,0.9675,427.895289118301,0.819463116690809
65,0.97,416.268505786134,0.67392922315539
65,0.9725,403.833452888902,0.544455767702383
65,0.975,390.436594309135,0.430562982118867
65,0.9775,375.883859502318,0.331733989882302
65,0.98,359.925429943836,0.247407318546312
65,0.9825,342.232090487987,0.176967261262411
65,0.985,322.356389275893,0.119731175027713
65,0.9875,299.664200999091,0.0749322171331791
65,0.99,273.202356304673,0.0416948793918903
65,0.9925,241.406898050666,0.0189982130355569
65,0.995,201.318042125277,0.0056154882455801
65,0.9975,145.547144433676,0
65,1,0,0
99,0,1806.67047515826,3176.12448844009
99,0.0025,1806.6491131394,3156.43342847256
99,0.005,1806.58503409762,3136.81364650672
99,0.0075,1806.47825907085,3117.26514001445
99,0.01,1806.32882310074,3097.78790478315
99,0.0125,1806.13677520038,3078.38193491709
99,0.015,1805.90217830912,3059.04722283938
99,0.0175,1805.62510923458,3039.78375929442
99,0.02,1805.30565858187,3020.59153335098
99,0.0225,1804.94393067019,3001.47053240571
99,0.025,1804.54004343679,2982.42074218732
99,0.0275,1804.09412832849,2963.44214676117
99,0.03,1803.60633018078,2944.53472853451
99,0.0325,1803.07680708474,2925.69846826216
99,0.035,1802.50573024189,2906.93334505278
99,0.0375,1801.89328380702,2888.23933637557
99,0.04,1801.23966471939,2869.61641806761
99,0.0425,1800.5450825223,2851.06456434154
99,0.045,1799.80975917127,2832.58374779392
99,0.0475,1799.03392883115,2814.17393941393
99,0.05,1798.21783766219,2795.8351085926
99,0.0525,1797.36174359553,2777.56722313258
99,0.055,1796.46591609812,2759.37024925825
99,0.0575,1795.53063592756,2741.24415162639
99,0.06,1794.55619487697,2723.18889333726
99,0.0625,1793.5428955102,2705.20443594609
99,0.065,1792.49105088773,2687.29073947501
99,0.0675,1791.40098428354,2669.44776242544
99,0.07,1790.27302889322,2651.67546179083
99,0.0725,1789.10752753367,2633.97379306977
99,0.075,1787.90483233476,2616.34271027957
99,0.0775,1786.66530442322,2598.7821659701
99,0.08,1785.38931359915,2581.29211123809
99,0.0825,1784.07723800553,2563.87249574167
99,0.085,1782.72946379105,2546.52326771533
99,0.0875,1781.34638476665,2529.24437398513
99,0.09,1779.92840205617,2512.03575998424
99,0.0925,1778.47592374143,2494.89736976877
99,0.095,1776.98936450227,2477.82914603387
99,0.0975,1775.46914525179,2460.83103013011
99,0.1,1773.91569276728,2443.90296208003
99,0.1025,1772.3294393173,2427.04488059504
99,0.105,1770.71082228515,2410.25672309244
99,0.1075,1769.06028378937,2393.5384257127
99,0.11,1767.3782703015,2376.88992333685
99,0.1125,1765.66523226166,2360.31114960418
99,0.115,1763.92162369231,2343.80203692992
99,0.1175,1762.14790181059,2327.36251652324
99,0.12,1760.34452663982,2310.9925184052
99,0.1225,1758.51196062034,2294.69197142697
99,0.125,1756.65066822039,2278.46080328805
99,0.1275,1754.76111554733,2262.29894055459
99,0.13,1752.84376995956,2246.20630867778
99,0.1325,1750.89909967976,2230.18283201228
99,0.135,1748.92757340974,2214.22843383474
99,0.1375,1746.92965994732,2198.34303636223
99,0.14,1744.90582780583,2182.52656077075
99,0.1425,1742.85654483641,2166.77892721376
99,0.145,1740.78227785374,2151.10005484058
99,0.1475,1738.68349226552,2135.48986181484
99,0.15,1736.56065170612,2119.94826533284
99,0.1525,1734.4142176748,2104.47518164183
99,0.155,1732.24464917895,2089.07052605821
99,0.1575,1730.0524023827,2073.73421298568
99,0.16,1727.83793026128,2058.46615593319
99,0.1625,1725.60168226159,2043.26626753282
99,0.165,1723.34410396921,2028.13445955756
99,0.1675,1721.06563678244,2013.07064293882
99,0.17,1718.76671759349,1998.07472778388
99,0.1725,1716.44777847729,1983.14662339315
99,0.175,1714.10924638837,1968.28623827717
99,0.1775,1711.75154286583,1953.49348017347
99,0.18,1709.37508374712,1938.76825606321
99,0.1825,1706.9802788906,1924.11047218761
99,0.185,1704.56753190737,1909.52003406405
99,0.1875,1702.13723990263,1894.99684650206
99,0.19,1699.68979322677,1880.54081361897
99,0.1925,1697.22557523661,1866.15183885529
99,0.195,1694.74496206685,1851.82982498985
99,0.1975,1692.24832241214,1837.57467415464
99,0.2,1689.73601731991,1823.38628784937
99,0.2025,1687.20839999414,1809.26456695567
99,0.205,1684.66581561043,1795.20941175109
99,0.2075,1682.10860114238,1781.22072192264
99,0.21,1679.53708519949,1767.29839658016
99,0.2125,1676.95158787688,1753.44233426924
99,0.215,1674.35242061673,1739.65243298386
99,0.2175,1671.73988608185,1725.92859017869
99,0.22,1669.11427804116,1712.270702781
99,0.2225,1666.47588126754,1698.67866720227
99,0.225,1663.82497144781,1685.15237934944
99,0.2275,1661.16181510515,1671.69173463577
99,0.23,1658.48666953381,1658.29662799133
99,0.2325,1655.79978274629,1644.96695387321
99,0.235,1653.10139343291,1631.70260627525
99,0.2375,1650.3917309339,1618.5034787375
99,0.24,1647.67101522374,1605.36946435522
99,0.2425,1644.93945690804,1592.3004557876
99,0.245,1642.19725723264,1579.29634526606
99,0.2475,1639.44460810499,1566.35702460219
99,0.25,1636.68169212777,1553.48238519529
99,0.2525,1633.90868264446,1540.67231803962
99,0.255,1631.12574379695,1527.92671373122
99,0.2575,1628.33303059498,1515.24546247438
99,0.26,1625.53068899717,1502.62845408776
99,0.2625,1622.71885600363,1490.07557801016
99,0.265,1619.89765975984,1477.58672330589
99,0.2675,1617.06721967164,1465.16177866988
99,0.27,1614.22764653119,1452.80063243235
99,0.2725,1611.37904265349,1440.50317256318
99,0.275,1608.52150202344,1428.26928667597
99,0.2775,1605.65511045293,1416.09886203173
99,0.28,1602.77994574795,1403.9917855423
99,0.2825,1599.89607788514,1391.94794377335
99,0.285,1597.00356919778,1379.96722294721
99,0.2875,1594.1024745706,1368.0495089453
99,0.29,1591.19284164327,1356.19468731028
99,0.2925,1588.27471102224,1344.40264324798
99,0.295,1585.34811650032,1332.67326162893
99,0.2975,1582.413085284,1321.00642698977
99,0.3,1579.4696382278,1309.40202353425
99,0.3025,1576.5177900754,1297.85993513412
99,0.305,1573.55754970713,1286.38004532967
99,0.3075,1570.58892039344,1274.96223733007
99,0.31,1567.61190005377,1263.60639401355
99,0.3125,1564.62648152056,1252.31239792727
99,0.315,1561.63265280786,1241.08013128707
99,0.3175,1558.63039738407,1229.90947597695
99,0.32,1555.61969444843,1218.80031354849
99,0.3225,1552.60051921064,1207.75252521997
99,0.325,1549.57284317334,1196.7659918754
99,0.3275,1546.53663441677,1185.84059406342
99,0.33,1543.49185788523,1174.97621199602
99,0.3325,1540.43847567483,1164.17272554719
99,0.335,1537.376447322,1153.43001425136
99,0.3375,1534.30573009233,1142.74795730186
99,0.34,1531.22627926914,1132.12643354923
99,0.3425,1528.13804844134,1121.56532149942
99,0.345,1525.04098979015,1111.06449931199
99,0.3475,1521.93505437392,1100.62384479822
99,0.35,1518.82019241093,1090.24323541917
99,0.3525,1515.69635355926,1079.92254828371
99,0.355,1512.56348719361,1069.66166014655
99,0.3575,1509.42154267824,1059.46044740625
99,0.36,1506.27046963581,1049.31878610319
99,0.3625,1503.11021821144,1039.2365519176
99,0.365,1499.94073933166,1029.21362016761
99,0.3675,1496.76198495763,1019.24986580729
99,0.37,1493.57390833232,1009.34516342475
99,0.3725,1490.37646422105,999.499387240334
99,0.375,1487.16960914504,989.712411104783
99,0.3775,1483.95330160747,979.984108497559
99,0.38,1480.7275023117,970.314352525194
99,0.3825,1477.49217437117,960.703015919738
99,0.385,1474.24728351052,951.149971037307
99,0.3875,1470.99279825775,941.65508985673
99,0.39,1467.72869012684,932.218243978306
99,0.3925,1464.45493379051,922.83930462268
99,0.395,1461.17150724288,913.518142629848
99,0.3975,1457.87839195162,904.254628458283
99,0.4,1454.57557299927,895.048632184209
99,0.4025,1451.26303921352,885.900023501007
99,0.405,1447.94078328602,876.808671718779
99,0.4075,1444.60880187974,867.774445764058
99,0.41,1441.26709572433,858.797214179676
99,0.4125,1437.91566969954,849.876845124793
99,0.415,1434.55453290629,841.013206375088
99,0.4175,1431.18369872548,832.206165323122
99,0.42,1427.80318486409,823.455588978863
99,0.4225,1424.41301338875,814.761343970383
99,0.425,1421.01321074647,806.123296544733
99,0.4275,1417.60380777256,797.541312568982
99,0.43,1414.18483968573,789.01525753144
99,0.4325,1410.75634607022,780.544996543037
99,0.435,1407.31837084512,772.130394338895
99,0.4375,1403.87096222078,763.771315280057
99,0.44,1400.41417264252,755.467623355385
99,0.4425,1396.94805872159,747.219182183636
99,0.445,1393.47268115353,739.025855015692
99,0.4475,1389.98810462421,730.887504736954
99,0.45,1386.49439770344,722.803993869894
99,0.4525,1382.9916327267,714.775184576765
99,0.455,1379.47988566491,706.800938662446
99,0.4575,1375.95923598267,698.881117577448
99,0.46,1372.42976648523,691.015582421046
99,0.4625,1368.89156315447,683.204193944543
99,0.465,1365.34471497416,675.446812554666
99,0.4675,1361.78931374514,667.743298317075
99,0.47,1358.22545389038,660.093510959987
99,0.4725,1354.6532322508,652.497309877897
99,0.475,1351.07274787195,644.954554135403
99,0.4775,1347.48410178219,637.46510247111
99,0.48,1343.88739676286,630.028813301621
99,0.4825,1340.28273711093,622.645544725586
99,0.485,1336.67022839469,615.315154527821
99,0.4875,1333.04997720299,608.03750018347
99,0.49,1329.42209088883,600.812438862215
99,0.4925,1325.78667730764,593.639827432506
99,0.495,1322.14384455107,586.519522465818
99,0.4975,1318.49370067693,579.451380240918
99,0.5,1314.83635343591,572.435256748127
99,0.5025,1311.17190999577,565.471007693567
99,0.505,1307.50047666377,558.558488503396
99,0.5075,1303.82215860806,551.697554327998
99,0.51,1300.13705957868,544.888060046131
99,0.5125,1296.44528162902,538.129860269024
99,0.515,1292.74692483856,531.422809344402
99,0.5175,1289.04208703743,524.766761360432
99,0.52,1285.33086353388,518.161570149587
99,0.5225,1281.61334684517,511.607089292402
99,0.525,1277.88962643294,505.103172121127
99,0.5275,1274.15978844361,498.649671723256
99,0.53,1270.42391545477,492.246440944923
99,0.5325,1266.68208622829,485.893332394165
99,0.535,1262.93437547103,479.590198444027
99,0.5375,1259.18085360376,473.336891235505
99,0.54,1255.42158653934,467.133262680332
99,0.5425,1251.65663547062,460.979164463575
99,0.545,1247.88605666915,454.874448046046
99,0.5475,1244.10990129515,448.818964666529
99,0.55,1240.32821521971,442.812565343791
99,0.5525,1236.54103885982,436.855100878399
99,0.555,1232.74840702687,430.946421854309
99,0.5575,1228.95034878949,425.086378640241
99,0.56,1225.14688735113,419.274821390827
99,0.5625,1221.33803994321,413.511600047525
99,0.565,1217.52381773431,407.796564339301
99,0.5675,1213.70422575596,402.129563783067
99,0.57,1209.87926284561,396.51044768388
99,0.5725,1206.04892160722,390.939065134899
99,0.575,1202.21318838993,385.41526501709
99,0.5775,1198.37204328515,379.938895998686
99,0.58,1194.52546014256,374.509806534408
99,0.5825,1190.67340660513,369.127844864427
99,0.585,1186.81584416365,363.79285901309
99,0.5875,1182.95272823071,358.5046967874
99,0.59,1179.08400823452,353.263205775258
99,0.5925,1175.20962773249,348.068233343467
99,0.595,1171.3295245447,342.919626635505
99,0.5975,1167.44363090715,337.817232569071
99,0.6,1163.55187364477,332.760897833415
99,0.6025,1159.65417436393,327.750468886446
99,0.605,1155.75044966437,322.785791951644
99,0.6075,1151.84061137004,317.866713014763
99,0.61,1147.92456677866,312.993077820362
99,0.6125,1144.0022189295,308.164731868138
99,0.615,1140.07346688873,303.381520409107
99,0.6175,1136.13820605197,298.643288441617
99,0.62,1132.19632846312,293.949880707226
99,0.6225,1128.24772314898,289.301141686438
99,0.625,1124.29227646847,284.69691559433
99,0.6275,1120.32987247593,280.137046376062
99,0.63,1116.36039329714,275.621377702308
99,0.6325,1112.38371951727,271.149752964605
99,0.635,1108.39973057935,266.722015270637
99,0.6375,1104.40830519225,262.338007439484
99,0.64,1100.40932174657,257.997571996834
99,0.6425,1096.40265873736,253.700551170188
99,0.645,1092.38819519185,249.446786884061
99,0.6475,1088.36581110088,245.236120755212
99,0.65,1084.33538785224,241.068394087913
99,0.6525,1080.29680866423,236.943447869263
99,0.655,1076.24995901771,232.861122764584
99,0.6575,1072.1947270847,228.821259112903
99,0.66,1068.13100415157,224.823696922539
99,0.6625,1064.05868503498,220.868275866814
99,0.665,1059.97766848827,216.954835279904
99,0.6675,1055.88785759647,213.083214152843
99,0.67,1051.78916015741,209.253251129702
99,0.6725,1047.68148904708,205.464784503949
99,0.675,1043.56476256665,201.717652215011
99,0.6775,1039.43890476909,198.011691845054
99,0.68,1035.30384576286,194.346740615985
99,0.6825,1031.15952199048,190.722635386691
99,0.685,1027.00587647945,187.139212650539
99,0.6875,1022.84285906322,183.596308533122
99,0.69,1018.67042656977,180.093758790281
99,0.6925,1014.48854297541,176.631398806405
99,0.695,1010.29717952146,173.209063593004
99,0.6975,1006.09631479131,169.826587787581
99,0.7,1001.88593474577,166.483805652782
99,0.7025,997.666032714173,163.180551075842
99,0.705,993.436609339189,159.916657568328
99,0.7075,989.197672473021,156.691958266157
99,0.71,984.94923702303,153.506285929909
99,0.7125,980.691324744687,150.359472945415
99,0.715,976.423963979974,147.251351324616
99,0.7175,972.147189339442,144.18175270668
99,0.72,967.861041326247,141.150508359368
99,0.7225,963.56556590064,138.157449180631
99,0.725,959.260813983535,135.202405700426
99,0.7275,954.94684089795,132.285208082723
99,0.73,950.623705747294,129.405686127685
99,0.7325,946.291470729679,126.563669274006
99,0.735,941.950200387643,123.75898660136
99,0.7375,937.599960792911,120.991466832949
99,0.74,933.240818666048,118.26093833811
99,0.7425,928.872840431133,115.567229134948
99,0.745,924.496091205855,112.910166892953
99,0.7475,920.110633727722,110.289578935574
99,0.75,915.716527217384,107.705292242692
99,0.7525,911.313826180393,105.157133452955
99,0.755,906.902579149048,102.644928865932
99,0.7575,902.482827366347,100.168504444024
99,0.76,898.054603414417,97.7276858140915
99,0.7625,893.617929790157,95.3222982687442
99,0.765,889.172817431253,92.9521667672238
99,0.7675,884.719264196086,90.6171159358378
99,0.77,880.257253301484,88.3169700678741
99,0.7725,875.786751722677,86.0515531229398
99,0.775,871.307708560226,83.8206887256575
99,0.7775,866.820053379146,81.6242001636575
99,0.78,862.323694525836,79.4619103847986
99,0.7825,857.818517428866,77.3336419935524
99,0.785,853.304382890107,75.2392172464834
99,0.7875,848.781125373056,73.1784580467562
99,0.79,844.248551295648,71.1511859376054
99,0.7925,839.706437335194,69.1572220946978
99,0.795,835.154528753466,67.1963873173221
99,0.7975,830.592537750245,65.268502018338
99,0.8,826.02014185398,63.373386212822
99,0.8025,821.436982358422,61.5108595053447
99,0.805,816.842662814326,59.6807410758189
99,0.8075,812.236747585436,57.8828496638581
99,0.81,807.61876047805,56.1170035515899
99,0.8125,802.988183453465,54.3830205448678
99,0.815,798.344455432474,52.6807179528336
99,0.8175,793.686971200913,51.0099125657808
99,0.82,789.015080424911,49.3704206312772
99,0.8225,784.328086784025,47.7620578285066
99,0.825,779.625247229815,46.1846392407977
99,0.8275,774.905771376623,44.6379793263076
99,0.83,770.168821030275,43.1218918868392
99,0.8325,765.413509859205,41.6361900347712
99,0.835,760.63890321097,40.1806861580902
99,0.8375,755.84401807533,38.7551918835157
99,0.84,751.027823192903,37.3595180377164
99,0.8425,746.189239305905,35.9934746066245
99,0.845,741.327139544486,34.6568706928556
99,0.8475,736.440349938783,33.3495144712495
99,0.85,731.527650042766,32.0712131425545
99,0.8525,726.587773651358,30.8217728852757
99,0.855,721.619409587022,29.60099880572
99,0.8575,716.621202525832,28.4086948862658
99,0.86,711.591753826077,27.2446639318914
99,0.8625,706.529622314392,26.1087075149936
99,0.865,701.433324975179,25.0006259185296
99,0.8675,696.301337478567,23.9202180775069
99,0.87,691.132094470102,22.8672815188438
99,0.8725,685.923989531551,21.8416122996112
99,0.875,680.675374706448,20.8430049436545
99,0.8775,675.384559465948,19.8712523765763
99,0.88,670.04980896986,18.9261458590398
99,0.8825,664.669341453994,18.0074749183239
99,0.885,659.241324547746,17.115027278027
99,0.8875,653.763870294438,16.2485887857741
99,0.89,648.235028610882,15.4079433387314
99,0.8925,642.652778880858,14.5928728066683
99,0.895,637.015019328959,13.8031569522392
99,0.8975,631.319553765163,13.0385733480606
99,0.9,625.564075225257,12.2988972900652
99,0.9025,619.746145956014,11.5839017064844
99,0.905,613.863173104662,10.8933570616717
99,0.9075,607.912379367061,10.2270312538061
99,0.91,601.89076772475,9.58468950531929
99,0.9125,595.795079253532,8.96609424465286
99,0.915,589.62174281035,8.37100497768437
99,0.9175,583.366815194216,7.79917814683407
99,0.92,577.025910122527,7.25036697549327
99,0.9225,570.594114055461,6.7243212949717
99,0.925,564.06588652422,6.22078735064283
99,0.9275,557.4349421555,5.73950758335495
99,0.93,550.694111010588,5.28022038145336
99,0.9325,543.835173140978,4.84265979790371
99,0.935,536.848662360314,4.42655522598911
99,0.9375,529.72363308661,4.03163102583924
99,0.94,522.447382638906,3.65760609259265
99,0.9425,515.005119467904,3.30419335523596
99,0.945,507.37956530409,2.97109919303061
99,0.9475,499.550475896801,2.65802275383071
99,0.95,491.494060570731,2.36465515538349
99,0.9525,483.182274767922,2.09067854671214
99,0.955,474.581951362813,1.83576500166981
99,0.9575,465.653724750988,1.59957521039171
99,0.96,456.350684829352,1.38175692619812
99,0.9625,446.61667331196,1.18194311484289
99,0.965,436.384097953043,0.999749738892069
99,0.9675,425.571083754936,0.834773090996842
99,0.97,414.07769121987,0.686586563666727
99,0.9725,401.780786897155,0.554736706341456
99,0.975,388.526907156128,0.43873836738821
99,0.9775,374.122026053621,0.338068639477761
99,0.98,358.316342473659,0.25215920464944
99,0.9825,340.780639120146,0.180386478869827
99,0.985,321.067465557962,0.122058623372744
99,0.9875,298.542760326221,0.0763978913293703
99,0.99,272.253627624032,0.042515612125158
99,0.9925,240.636988046616,0.019374596617162
99,0.995,200.735779213086,0.00572746872502305
99,0.9975,145.171385936647,0
99,1,0,0
