case_id,stress_component,normalized_semispan,trim_stress_MPa
4,shell_von_mises,0.00356927633975489,30.940487990325
4,shell_von_mises,0.0107121590400117,28.6127879799537
4,shell_von_mises,0.0178550417402686,29.040760382636
4,shell_von_mises,0.0249979244405254,29.0563016376564
4,shell_von_mises,0.0321408071407822,25.7863921600092
4,shell_von_mises,0.0392836898410391,26.7509819822917
4,shell_von_mises,0.0464265725412959,25.3121008710028
4,shell_von_mises,0.0535694552415527,25.7449455577808
4,shell_von_mises,0.0607123379418096,25.4446231582386
4,shell_von_mises,0.0678552206420664,23.9400234136503
4,shell_von_mises,0.0749981033423232,23.6745809694963
4,shell_von_mises,0.0821409860425801,20.8641731628149
4,shell_von_mises,0.0892838687428369,21.3134872397538
4,shell_von_mises,0.0964267514430937,20.5482845732469
4,shell_von_mises,0.103569634143351,19.9016417881534
4,shell_von_mises,0.110712516843607,23.2709160737027
4,shell_von_mises,0.117855399543864,21.0258455154855
4,shell_von_mises,0.124998282244121,21.4222007355903
4,shell_von_mises,0.132141164944378,19.5865238085752
4,shell_von_mises,0.139284047644635,21.4033521689309
4,shell_von_mises,0.146426930344892,23.3226147846962
4,shell_von_mises,0.153569813045148,20.0195563254988
4,shell_von_mises,0.160712695745405,21.899792917125
4,shell_von_mises,0.167855578445662,19.3034974752464
4,shell_von_mises,0.174998461145919,20.0671785592815
4,shell_von_mises,0.182141343846176,20.6860654192048
4,shell_von_mises,0.189284226546433,18.8731028726169
4,shell_von_mises,0.196427109246689,22.7922048592501
4,shell_von_mises,0.203569991946946,19.7469209642001
4,shell_von_mises,0.210712874647203,19.3565001553685
4,shell_von_mises,0.21785575734746,19.5891455614297
4,shell_von_mises,0.224998640047717,17.9732894848684
4,shell_von_mises,0.232141522747974,20.6373130815052
4,shell_von_mises,0.23928440544823,17.6885973645738
4,shell_von_mises,0.246427288148487,16.3739735072761
4,shell_von_mises,0.253570170848744,19.9521496147068
4,shell_von_mises,0.260713053549001,17.0074402453219
4,shell_von_mises,0.267855936249258,17.4834889804292
4,shell_von_mises,0.274998818949515,18.6168095848919
4,shell_von_mises,0.282141701649771,17.0070594600015
4,shell_von_mises,0.289284584350028,17.3919427544587
4,shell_von_mises,0.296427467050285,19.3192620301005
4,shell_von_mises,0.303570349750542,17.7382298271403
4,shell_von_mises,0.310713232450799,18.391507910786
4,shell_von_mises,0.317856115151056,17.778253022026
4,shell_von_mises,0.324998997851312,16.3579428438331
4,shell_von_mises,0.332141880551569,17.4836451987634
4,shell_von_mises,0.339284763251826,16.9138172024064
4,shell_von_mises,0.346427645952083,16.1346535827339
4,shell_von_mises,0.35357052865234,16.1256961595417
4,shell_von_mises,0.360713411352596,14.9458491998962
4,shell_von_mises,0.367856294052853,17.3980995067224
4,shell_von_mises,0.37499917675311,16.4022625053039
4,shell_von_mises,0.382142059453367,18.1461629777155
4,shell_von_mises,0.389284942153624,18.4618262073406
4,shell_von_mises,0.396427824853881,18.860724877917
4,shell_von_mises,0.403570707554138,15.3096621972961
4,shell_von_mises,0.410713590254394,17.3048422208306
4,shell_von_mises,0.417856472954651,17.6023485005555
4,shell_von_mises,0.424999355654908,16.4758379872749
4,shell_von_mises,0.432142238355165,22.2807693031537
4,shell_von_mises,0.439285121055422,18.6988691921563
4,shell_von_mises,0.446428003755679,13.8740115914775
4,shell_von_mises,0.453570886455935,15.0132866757884
4,shell_von_mises,0.460713769156192,15.6842929640534
4,shell_von_mises,0.467856651856449,13.3850753881143
4,shell_von_mises,0.474999534556706,14.6958051043942
4,shell_von_mises,0.482142417256963,14.3831894690972
4,shell_von_mises,0.48928529995722,13.1988387234406
4,shell_von_mises,0.496428182657476,13.8932827470769
4,shell_von_mises,0.503571065357733,14.5471988023634
4,shell_von_mises,0.51071394805799,14.7171354706291
4,shell_von_mises,0.517856830758247,13.1137517654523
4,shell_von_mises,0.524999713458504,13.7734091625958
4,shell_von_mises,0.532142596158761,13.9853056405599
4,shell_von_mises,0.539285478859017,13.0372862869228
4,shell_von_mises,0.546428361559274,15.0542377659531
4,shell_von_mises,0.553571244259531,14.0340674858017
4,shell_von_mises,0.560714126959788,11.4954149476066
4,shell_von_mises,0.567857009660045,12.669397776254
4,shell_von_mises,0.574999892360301,13.1840217501799
4,shell_von_mises,0.582142775060558,10.2872941880669
4,shell_von_mises,0.589285657760815,11.369937339064
4,shell_von_mises,0.596428540461072,12.4912064111871
4,shell_von_mises,0.603571423161329,12.0434182212677
4,shell_von_mises,0.610714305861586,10.1966641498861
4,shell_von_mises,0.617857188561842,9.71931680034057
4,shell_von_mises,0.625000071262099,10.1560827828574
4,shell_von_mises,0.632142953962356,9.76946337700241
4,shell_von_mises,0.639285836662613,8.92057297464211
4,shell_von_mises,0.64642871936287,11.1024534747595
4,shell_von_mises,0.653571602063127,8.38550694192005
4,shell_von_mises,0.660714484763383,8.41588909355078
4,shell_von_mises,0.66785736746364,9.46899262880825
4,shell_von_mises,0.675000250163897,9.108036034611
4,shell_von_mises,0.682143132864154,7.24849007928174
4,shell_von_mises,0.689286015564411,7.64522878403776
4,shell_von_mises,0.696428898264668,8.47629583956757
4,shell_von_mises,0.703571780964924,6.53510005645422
4,shell_von_mises,0.710714663665181,6.02099061692241
4,shell_von_mises,0.717857546365438,6.79107328521029
4,shell_von_mises,0.725000429065695,6.35043495834967
4,shell_von_mises,0.732143311765952,6.51594781477927
4,shell_von_mises,0.739286194466209,6.58637332412463
4,shell_von_mises,0.746429077166466,6.40775028673283
4,shell_von_mises,0.753571959866722,5.21281659967891
4,shell_von_mises,0.760714842566979,4.83715307029873
4,shell_von_mises,0.767857725267236,4.85016921039753
4,shell_von_mises,0.775000607967493,4.91437422864902
4,shell_von_mises,0.78214349066775,4.99975765607878
4,shell_von_mises,0.789286373368007,4.29677937760758
4,shell_von_mises,0.796429256068263,4.42024946605159
4,shell_von_mises,0.80357213876852,4.8367691106777
4,shell_von_mises,0.810715021468777,4.20456204274121
4,shell_von_mises,0.817857904169034,3.18084284168726
4,shell_von_mises,0.825000786869291,4.20780211077377
4,shell_von_mises,0.832143669569548,3.89855210560688
4,shell_von_mises,0.839286552269804,2.98513406385231
4,shell_von_mises,0.846429434970061,3.4640684265728
4,shell_von_mises,0.853572317670318,3.86418423219927
4,shell_von_mises,0.860715200370575,3.52895590207797
4,shell_von_mises,0.867858083070832,2.29562535607997
4,shell_von_mises,0.875000965771089,2.40539395499216
4,shell_von_mises,0.882143848471345,2.54049963989179
4,shell_von_mises,0.889286731171602,2.55508752352538
4,shell_von_mises,0.896429613871859,1.81614970437039
4,shell_von_mises,0.903572496572116,2.23574694194806
4,shell_von_mises,0.910715379272373,2.13735607270503
4,shell_von_mises,0.91785826197263,1.61995298061668
4,shell_von_mises,0.925001144672886,1.49441827844008
4,shell_von_mises,0.932144027373143,1.47516997464098
4,shell_von_mises,0.9392869100734,1.39590841154347
4,shell_von_mises,0.946429792773657,1.11148072920016
4,shell_von_mises,0.953572675473914,1.26942429517404
4,shell_von_mises,0.960715558174171,0.753904670567377
4,shell_von_mises,0.967858440874427,0.820563255156808
4,shell_von_mises,0.975001323574684,0.748215743073011
4,shell_von_mises,0.982144206274941,0.764390057966559
4,shell_von_mises,0.989287088975198,0.368968623370341
4,shell_von_mises,0.996429971675455,0.664139677081894
4,cbeam_maxabs_normal,0.0035696403437863,11.9668782666596
4,cbeam_maxabs_normal,0.0107012933701939,9.27850678123508
4,cbeam_maxabs_normal,0.0178329463966014,9.94410496016723
4,cbeam_maxabs_normal,0.024964599423009,9.50137471333576
4,cbeam_maxabs_normal,0.0320962524494166,10.0190451839395
4,cbeam_maxabs_normal,0.0392279054758241,9.59459974205426
4,cbeam_maxabs_normal,0.0463595585022317,8.87119168110615
4,cbeam_maxabs_normal,0.0534912115286393,9.47433767216304
4,cbeam_maxabs_normal,0.0606228645550468,8.94799057228787
4,cbeam_maxabs_normal,0.0677545175814544,9.05468748473034
4,cbeam_maxabs_normal,0.074886170607862,8.78311639713331
4,cbeam_maxabs_normal,0.0820178236342695,8.82690530506706
4,cbeam_maxabs_normal,0.0891494766606771,8.90419333070331
4,cbeam_maxabs_normal,0.0962811296870846,8.8648329502539
4,cbeam_maxabs_normal,0.103412782713492,9.15021051177096
4,cbeam_maxabs_normal,0.1105444357399,8.69741191734539
4,cbeam_maxabs_normal,0.117676088766307,9.78590812236573
4,cbeam_maxabs_normal,0.124807741792715,9.26897764282688
4,cbeam_maxabs_normal,0.131939394819122,8.85477182347839
4,cbeam_maxabs_normal,0.13907104784553,9.75086718245045
4,cbeam_maxabs_normal,0.146202700871938,9.08738564471098
4,cbeam_maxabs_normal,0.153334353898345,9.40937547414751
4,cbeam_maxabs_normal,0.160466006924753,9.0900523716524
4,cbeam_maxabs_normal,0.16759765995116,10.2160021225211
4,cbeam_maxabs_normal,0.174729312977568,10.1242022098098
4,cbeam_maxabs_normal,0.181860966003975,10.2178941871898
4,cbeam_maxabs_normal,0.188992619030383,9.43129733988412
4,cbeam_maxabs_normal,0.196124272056791,11.1539677805123
4,cbeam_maxabs_normal,0.203255925083198,9.21552381718534
4,cbeam_maxabs_normal,0.210387578109606,10.5417985696994
4,cbeam_maxabs_normal,0.217519231136013,9.52336878870788
4,cbeam_maxabs_normal,0.224650884162421,10.7073797676142
4,cbeam_maxabs_normal,0.231782537188828,11.2845630646358
4,cbeam_maxabs_normal,0.238914190215236,10.8575801433567
4,cbeam_maxabs_normal,0.246045843241644,12.0705279423483
4,cbeam_maxabs_normal,0.253177496268051,12.6473565082211
4,cbeam_maxabs_normal,0.260309149294459,9.03281210634817
4,cbeam_maxabs_normal,0.267440802320866,12.3796662121311
4,cbeam_maxabs_normal,0.274572455347274,13.0416360858447
4,cbeam_maxabs_normal,0.281704108373681,11.3030288689865
4,cbeam_maxabs_normal,0.288835761400089,13.1118077939368
4,cbeam_maxabs_normal,0.295967414426496,11.3623429560087
4,cbeam_maxabs_normal,0.303099067452904,12.5158904403472
4,cbeam_maxabs_normal,0.310230720479312,13.507793867937
4,cbeam_maxabs_normal,0.317362373505719,11.8697710946777
4,cbeam_maxabs_normal,0.324494026532127,11.7584239174432
4,cbeam_maxabs_normal,0.331625679558534,11.102527566579
4,cbeam_maxabs_normal,0.338757332584942,9.60559872973093
4,cbeam_maxabs_normal,0.345888985611349,9.55383676046911
4,cbeam_maxabs_normal,0.353020638637757,9.21110626402758
4,cbeam_maxabs_normal,0.360152291664165,9.64394076370436
4,cbeam_maxabs_normal,0.367283944690572,9.62013283757938
4,cbeam_maxabs_normal,0.37441559771698,9.1441584846202
4,cbeam_maxabs_normal,0.381547250743387,9.51301425175414
4,cbeam_maxabs_normal,0.388678903769795,9.2931241178349
4,cbeam_maxabs_normal,0.395810556796202,9.22760443215659
4,cbeam_maxabs_normal,0.40294220982261,9.19437038334535
4,cbeam_maxabs_normal,0.410073862849018,9.10866588635345
4,cbeam_maxabs_normal,0.417205515875425,8.75114623822327
4,cbeam_maxabs_normal,0.424337168901833,8.77698646323422
4,cbeam_maxabs_normal,0.43146882192824,8.88533199911034
4,cbeam_maxabs_normal,0.438600474954648,6.59771101833597
4,cbeam_maxabs_normal,0.445732127981055,7.42052665116837
4,cbeam_maxabs_normal,0.452863781007463,5.49676268373941
4,cbeam_maxabs_normal,0.45999543403387,5.79470355353984
4,cbeam_maxabs_normal,0.467127087060278,6.17118976518466
4,cbeam_maxabs_normal,0.474258740086686,5.45197903486537
4,cbeam_maxabs_normal,0.481390393113093,5.16844214601969
4,cbeam_maxabs_normal,0.488522046139501,5.53174940398905
4,cbeam_maxabs_normal,0.495653699165908,5.36400350168451
4,cbeam_maxabs_normal,0.502785352192316,5.39583900265786
4,cbeam_maxabs_normal,0.509917005218723,5.27156867144386
4,cbeam_maxabs_normal,0.517048658245131,5.31939826102693
4,cbeam_maxabs_normal,0.524180311271539,5.04175809741467
4,cbeam_maxabs_normal,0.531311964297946,5.28793509234287
4,cbeam_maxabs_normal,0.538443617324354,5.85190420214506
4,cbeam_maxabs_normal,0.545575270350761,5.39754652764749
4,cbeam_maxabs_normal,0.552706923377169,5.32154793417101
4,cbeam_maxabs_normal,0.559838576403576,5.17840419506962
4,cbeam_maxabs_normal,0.566970229429984,4.56039552218498
4,cbeam_maxabs_normal,0.574101882456391,5.16038410497786
4,cbeam_maxabs_normal,0.581233535482799,5.10022600999039
4,cbeam_maxabs_normal,0.588365188509207,4.92294898264847
4,cbeam_maxabs_normal,0.595496841535614,5.13919775416592
4,cbeam_maxabs_normal,0.602628494562022,5.20628766361184
4,cbeam_maxabs_normal,0.609760147588429,4.40167689045466
4,cbeam_maxabs_normal,0.616891800614837,5.22436338833774
4,cbeam_maxabs_normal,0.624023453641245,5.11082828143134
4,cbeam_maxabs_normal,0.631155106667652,4.63235668540556
4,cbeam_maxabs_normal,0.63828675969406,4.08684348151508
4,cbeam_maxabs_normal,0.645418412720467,4.98746884114061
4,cbeam_maxabs_normal,0.652550065746875,4.32494130612652
4,cbeam_maxabs_normal,0.659681718773282,3.94195879838138
4,cbeam_maxabs_normal,0.66681337179969,4.72412745708637
4,cbeam_maxabs_normal,0.673945024826098,4.60576828531771
4,cbeam_maxabs_normal,0.681076677852505,3.75002491196214
4,cbeam_maxabs_normal,0.688208330878913,3.48312167450499
4,cbeam_maxabs_normal,0.69533998390532,4.26038429907319
4,cbeam_maxabs_normal,0.702471636931728,3.8603513272922
4,cbeam_maxabs_normal,0.709603289958135,2.33726605752307
4,cbeam_maxabs_normal,0.716734942984543,3.71720068606705
4,cbeam_maxabs_normal,0.72386659601095,3.40528718985148
4,cbeam_maxabs_normal,0.730998249037358,2.3926582696128
4,cbeam_maxabs_normal,0.738129902063766,2.46712108971786
4,cbeam_maxabs_normal,0.745261555090173,2.64820842126094
4,cbeam_maxabs_normal,0.752393208116581,2.37687334750175
4,cbeam_maxabs_normal,0.759524861142988,2.33022783625723
4,cbeam_maxabs_normal,0.766656514169396,2.4349067732235
4,cbeam_maxabs_normal,0.773788167195803,2.51966513926259
4,cbeam_maxabs_normal,0.780919820222211,2.22331644348919
4,cbeam_maxabs_normal,0.788051473248619,2.31735514164148
4,cbeam_maxabs_normal,0.795183126275026,2.13863645239884
4,cbeam_maxabs_normal,0.802314779301434,2.06979618433909
4,cbeam_maxabs_normal,0.809446432327841,2.10348087455391
4,cbeam_maxabs_normal,0.816578085354249,2.10679904398653
4,cbeam_maxabs_normal,0.823709738380656,1.66460793411135
4,cbeam_maxabs_normal,0.830841391407064,1.92433229799518
4,cbeam_maxabs_normal,0.837973044433471,2.04973478029992
4,cbeam_maxabs_normal,0.845104697459879,1.82496676438213
4,cbeam_maxabs_normal,0.852236350486287,1.58820070517686
4,cbeam_maxabs_normal,0.859368003512694,1.80040262302257
4,cbeam_maxabs_normal,0.866499656539102,1.89691211142118
4,cbeam_maxabs_normal,0.873631309565509,1.77640788154464
4,cbeam_maxabs_normal,0.880762962591917,1.26522364972706
4,cbeam_maxabs_normal,0.887894615618324,1.80914182635329
4,cbeam_maxabs_normal,0.895026268644732,1.71940267911077
4,cbeam_maxabs_normal,0.90215792167114,1.42834711602832
4,cbeam_maxabs_normal,0.909289574697547,1.33082386273105
4,cbeam_maxabs_normal,0.916421227723955,1.61829719463569
4,cbeam_maxabs_normal,0.923552880750362,1.47215699846141
4,cbeam_maxabs_normal,0.93068453377677,0.968449657870749
4,cbeam_maxabs_normal,0.937816186803177,1.01336163335968
4,cbeam_maxabs_normal,0.944947839829585,1.21569101497542
4,cbeam_maxabs_normal,0.952079492855992,1.07489377963538
4,cbeam_maxabs_normal,0.9592111458824,0.810615360575946
4,cbeam_maxabs_normal,0.966342798908808,0.430115388333539
4,cbeam_maxabs_normal,0.973474451935215,0.676764822320665
4,cbeam_maxabs_normal,0.980606104961623,0.624901814293313
4,cbeam_maxabs_normal,0.98773775798803,0.304337162399043
4,cbeam_maxabs_normal,0.994869411014438,0.3814118167409
37,shell_von_mises,0.00356945284342078,39.4999959779275
37,shell_von_mises,0.010712338056253,18.982957284943
37,shell_von_mises,0.0178552232690853,19.2246223000534
37,shell_von_mises,0.0249981084819176,18.6468932331613
37,shell_von_mises,0.0321409936947498,19.1181304339141
37,shell_von_mises,0.0392838789075821,19.3384516628437
37,shell_von_mises,0.0464267641204143,18.9919819607025
37,shell_von_mises,0.0535696493332466,18.7421423324758
37,shell_von_mises,0.0607125345460788,18.7343531902016
37,shell_von_mises,0.0678554197589111,18.6093508391722
37,shell_von_mises,0.0749983049717434,18.1276021433195
37,shell_von_mises,0.0821411901845756,17.9624468180165
37,shell_von_mises,0.0892840753974079,17.4077615009615
37,shell_von_mises,0.0964269606102401,17.39058554972
37,shell_von_mises,0.103569845823072,17.2148710234211
37,shell_von_mises,0.110712731035905,17.1157665026757
37,shell_von_mises,0.117855616248737,17.1358900636851
37,shell_von_mises,0.124998501461569,16.8900004401136
37,shell_von_mises,0.132141386674401,16.7838994710671
37,shell_von_mises,0.139284271887234,16.8375363754287
37,shell_von_mises,0.146427157100066,16.6370733460262
37,shell_von_mises,0.153570042312898,16.5931857464669
37,shell_von_mises,0.16071292752573,16.550600812785
37,shell_von_mises,0.167855812738563,16.1642746763086
37,shell_von_mises,0.174998697951395,16.518633004879
37,shell_von_mises,0.182141583164227,16.4248471778612
37,shell_von_mises,0.18928446837706,16.1347707517739
37,shell_von_mises,0.196427353589892,16.0822897136327
37,shell_von_mises,0.203570238802724,16.3971775814873
37,shell_von_mises,0.210713124015556,15.8232414981792
37,shell_von_mises,0.217856009228389,16.1343673439822
37,shell_von_mises,0.224998894441221,15.8939818196429
37,shell_von_mises,0.232141779654053,15.8528888024098
37,shell_von_mises,0.239284664866885,15.7329024072771
37,shell_von_mises,0.246427550079718,15.8702990957777
37,shell_von_mises,0.25357043529255,15.4139455074064
37,shell_von_mises,0.260713320505382,15.6901951422491
37,shell_von_mises,0.267856205718214,15.4912000159825
37,shell_von_mises,0.274999090931047,15.0061950848307
37,shell_von_mises,0.282141976143879,14.9356362350264
37,shell_von_mises,0.289284861356711,14.6580662470314
37,shell_von_mises,0.296427746569543,14.5337431671551
37,shell_von_mises,0.303570631782376,14.2287247106038
37,shell_von_mises,0.310713516995208,14.1310200020933
37,shell_von_mises,0.31785640220804,13.9572743628407
37,shell_von_mises,0.324999287420872,13.7340174686878
37,shell_von_mises,0.332142172633705,13.6430026125129
37,shell_von_mises,0.339285057846537,13.7867105755974
37,shell_von_mises,0.346427943059369,13.6642447149304
37,shell_von_mises,0.353570828272201,12.9890420963394
37,shell_von_mises,0.360713713485034,12.7462691116929
37,shell_von_mises,0.367856598697866,12.7174367168056
37,shell_von_mises,0.374999483910698,12.5598316195329
37,shell_von_mises,0.382142369123531,12.536084977749
37,shell_von_mises,0.389285254336363,12.3450698514823
37,shell_von_mises,0.396428139549195,12.2686540488033
37,shell_von_mises,0.403571024762027,12.0750995756728
37,shell_von_mises,0.41071390997486,11.9632279703148
37,shell_von_mises,0.417856795187692,11.8566923170965
37,shell_von_mises,0.424999680400524,11.6101283746747
37,shell_von_mises,0.432142565613356,11.5682487605779
37,shell_von_mises,0.439285450826189,11.3270254451572
37,shell_von_mises,0.446428336039021,11.2027587024257
37,shell_von_mises,0.453571221251853,11.0757371147905
37,shell_von_mises,0.460714106464685,10.8607406999743
37,shell_von_mises,0.467856991677518,10.8101586657533
37,shell_von_mises,0.47499987689035,10.7579497262726
37,shell_von_mises,0.482142762103182,10.7569131181378
37,shell_von_mises,0.489285647316014,10.5201779690353
37,shell_von_mises,0.496428532528847,10.4893075923691
37,shell_von_mises,0.503571417741679,10.2760210512217
37,shell_von_mises,0.510714302954511,10.1357807528874
37,shell_von_mises,0.517857188167343,9.96032648036938
37,shell_von_mises,0.525000073380176,9.62367443134034
37,shell_von_mises,0.532142958593008,9.6523601797885
37,shell_von_mises,0.53928584380584,9.32862880011556
37,shell_von_mises,0.546428729018672,9.33245925564484
37,shell_von_mises,0.553571614231505,9.03282395046567
37,shell_von_mises,0.560714499444337,8.93769053508649
37,shell_von_mises,0.567857384657169,8.69325577263862
37,shell_von_mises,0.575000269870001,8.47635690472703
37,shell_von_mises,0.582143155082834,8.32815885504517
37,shell_von_mises,0.589286040295666,8.10527519112745
37,shell_von_mises,0.596428925508498,7.97731487228487
37,shell_von_mises,0.60357181072133,7.89607485764112
37,shell_von_mises,0.610714695934163,7.83425318430667
37,shell_von_mises,0.617857581146995,7.71928685988322
37,shell_von_mises,0.625000466359827,7.60696624638235
37,shell_von_mises,0.63214335157266,6.83495844058378
37,shell_von_mises,0.639286236785492,6.71528439866905
37,shell_von_mises,0.646429121998324,6.67068202535137
37,shell_von_mises,0.653572007211156,6.51755735463043
37,shell_von_mises,0.660714892423989,6.40565750509557
37,shell_von_mises,0.667857777636821,6.27457456789315
37,shell_von_mises,0.675000662849653,6.02816022238423
37,shell_von_mises,0.682143548062485,6.42003454097155
37,shell_von_mises,0.689286433275318,5.65797134259683
37,shell_von_mises,0.69642931848815,5.57459824975922
37,shell_von_mises,0.703572203700982,5.32411188237832
37,shell_von_mises,0.710715088913815,5.30503466066167
37,shell_von_mises,0.717857974126647,5.07054298708185
37,shell_von_mises,0.725000859339479,5.0189317347786
37,shell_von_mises,0.732143744552311,4.88235142813059
37,shell_von_mises,0.739286629765143,4.87636630020668
37,shell_von_mises,0.746429514977976,4.66201513019607
37,shell_von_mises,0.753572400190808,4.32947432812823
37,shell_von_mises,0.76071528540364,4.50484002095009
37,shell_von_mises,0.767858170616472,4.19595386404754
37,shell_von_mises,0.775001055829305,4.26976189110601
37,shell_von_mises,0.782143941042137,4.18565977865065
37,shell_von_mises,0.789286826254969,4.07304662245134
37,shell_von_mises,0.796429711467801,3.98030117734323
37,shell_von_mises,0.803572596680634,3.77180833583618
37,shell_von_mises,0.810715481893466,3.82592542795524
37,shell_von_mises,0.817858367106298,3.52670468543509
37,shell_von_mises,0.825001252319131,3.57995488919238
37,shell_von_mises,0.832144137531963,3.36579124750591
37,shell_von_mises,0.839287022744795,3.37077000559974
37,shell_von_mises,0.846429907957627,3.29290650515009
37,shell_von_mises,0.85357279317046,2.75919132432505
37,shell_von_mises,0.860715678383292,3.08013270294425
37,shell_von_mises,0.867858563596124,2.98959226842705
37,shell_von_mises,0.875001448808956,2.90118383106964
37,shell_von_mises,0.882144334021789,2.50260813191121
37,shell_von_mises,0.889287219234621,2.39845012008469
37,shell_von_mises,0.896430104447453,2.16283643248985
37,shell_von_mises,0.903572989660285,2.02870369830208
37,shell_von_mises,0.910715874873118,2.94505541113382
37,shell_von_mises,0.91785876008595,1.80856089280471
37,shell_von_mises,0.925001645298782,1.66966519715685
37,shell_von_mises,0.932144530511614,1.52792504718133
37,shell_von_mises,0.939287415724447,1.45820419402852
37,shell_von_mises,0.946430300937279,1.51682343294436
37,shell_von_mises,0.953573186150111,1.51580413819625
37,shell_von_mises,0.960716071362943,1.46783292075913
37,shell_von_mises,0.967858956575776,0.925530499466451
37,shell_von_mises,0.975001841788608,1.05134587181463
37,shell_von_mises,0.98214472700144,0.68444885207867
37,shell_von_mises,0.989287612214272,0.643662360397865
37,shell_von_mises,0.996430497427105,1.33642374612073
37,cbeam_maxabs_normal,0.00357384925489146,50.5402262073172
37,cbeam_maxabs_normal,0.0107141857950315,71.4998582034653
37,cbeam_maxabs_normal,0.0178545223351715,67.9319570192806
37,cbeam_maxabs_normal,0.0249948588753115,63.8239784893733
37,cbeam_maxabs_normal,0.0321351954154515,67.0977821916067
37,cbeam_maxabs_normal,0.0392755319555915,67.2711305628081
37,cbeam_maxabs_normal,0.0464158684957314,64.2852559833297
37,cbeam_maxabs_normal,0.0535562050358715,65.5632530435271
37,cbeam_maxabs_normal,0.0606965415760115,64.4960091060014
37,cbeam_maxabs_normal,0.0678368781161515,63.9571762153579
37,cbeam_maxabs_normal,0.0749772146562915,61.6492663644022
37,cbeam_maxabs_normal,0.0821175511964315,62.9513597325861
37,cbeam_maxabs_normal,0.0892578877365715,61.9983440794443
37,cbeam_maxabs_normal,0.0963982242767114,60.3518408351556
37,cbeam_maxabs_normal,0.103538560816851,60.0585244679543
37,cbeam_maxabs_normal,0.110678897356991,57.7089550365511
37,cbeam_maxabs_normal,0.117819233897131,55.5474927753512
37,cbeam_maxabs_normal,0.124959570437271,55.3417045790116
37,cbeam_maxabs_normal,0.132099906977411,53.2340467311579
37,cbeam_maxabs_normal,0.139240243517551,49.9363290100582
37,cbeam_maxabs_normal,0.146380580057691,47.2911091542829
37,cbeam_maxabs_normal,0.153520916597832,46.4336406760987
37,cbeam_maxabs_normal,0.160661253137971,45.8408929697098
37,cbeam_maxabs_normal,0.167801589678111,43.7725653081535
37,cbeam_maxabs_normal,0.174941926218251,44.6517458973431
37,cbeam_maxabs_normal,0.182082262758391,44.850003265115
37,cbeam_maxabs_normal,0.189222599298531,43.202986643825
37,cbeam_maxabs_normal,0.196362935838671,44.8643665962978
37,cbeam_maxabs_normal,0.203503272378811,45.2502873778966
37,cbeam_maxabs_normal,0.210643608918951,43.8637959052512
37,cbeam_maxabs_normal,0.217783945459091,46.7343437295767
37,cbeam_maxabs_normal,0.224924281999231,49.4856704201258
37,cbeam_maxabs_normal,0.232064618539371,47.8083600500612
37,cbeam_maxabs_normal,0.239204955079511,51.0201201295401
37,cbeam_maxabs_normal,0.246345291619651,53.7423733156
37,cbeam_maxabs_normal,0.253485628159791,51.3790122387379
37,cbeam_maxabs_normal,0.260625964699931,54.3577004604899
37,cbeam_maxabs_normal,0.267766301240071,49.0648523999628
37,cbeam_maxabs_normal,0.274906637780211,53.2453181998707
37,cbeam_maxabs_normal,0.282046974320352,52.4303760699269
37,cbeam_maxabs_normal,0.289187310860491,51.0710123026957
37,cbeam_maxabs_normal,0.296327647400631,51.4481893343808
37,cbeam_maxabs_normal,0.303467983940772,49.6959075156921
37,cbeam_maxabs_normal,0.310608320480911,49.7446320576653
37,cbeam_maxabs_normal,0.317748657021051,50.0083692189633
37,cbeam_maxabs_normal,0.324888993561191,47.6160750637039
37,cbeam_maxabs_normal,0.332029330101332,49.502520064772
37,cbeam_maxabs_normal,0.339169666641471,48.0058813730815
37,cbeam_maxabs_normal,0.346310003181611,49.4987997134161
37,cbeam_maxabs_normal,0.353450339721751,47.9010414102469
37,cbeam_maxabs_normal,0.360590676261891,46.999744343105
37,cbeam_maxabs_normal,0.367731012802031,46.8390155670507
37,cbeam_maxabs_normal,0.374871349342171,45.7699528903074
37,cbeam_maxabs_normal,0.382011685882311,45.5558296271569
37,cbeam_maxabs_normal,0.389152022422451,42.9233792139682
37,cbeam_maxabs_normal,0.396292358962591,43.4525346625968
37,cbeam_maxabs_normal,0.403432695502731,41.0357152166583
37,cbeam_maxabs_normal,0.410573032042871,41.1077158853922
37,cbeam_maxabs_normal,0.417713368583011,42.3093556840554
37,cbeam_maxabs_normal,0.424853705123151,40.9400888166071
37,cbeam_maxabs_normal,0.431994041663291,45.0926794289198
37,cbeam_maxabs_normal,0.439134378203431,41.3065228294382
37,cbeam_maxabs_normal,0.446274714743571,51.290690315169
37,cbeam_maxabs_normal,0.453415051283712,52.4680286969078
37,cbeam_maxabs_normal,0.460555387823851,51.7014665397664
37,cbeam_maxabs_normal,0.467695724363991,45.4519337812549
37,cbeam_maxabs_normal,0.474836060904131,32.6418416327667
37,cbeam_maxabs_normal,0.481976397444271,34.9697919266818
37,cbeam_maxabs_normal,0.489116733984411,43.4229159425473
37,cbeam_maxabs_normal,0.496257070524551,43.992813120922
37,cbeam_maxabs_normal,0.503397407064691,51.3047977231183
37,cbeam_maxabs_normal,0.510537743604832,51.9902470067695
37,cbeam_maxabs_normal,0.517678080144971,54.1073908352639
37,cbeam_maxabs_normal,0.524818416685112,45.762882761658
37,cbeam_maxabs_normal,0.531958753225252,44.5068147269374
37,cbeam_maxabs_normal,0.539099089765391,40.6186485273584
37,cbeam_maxabs_normal,0.546239426305532,44.0159011434621
37,cbeam_maxabs_normal,0.553379762845671,47.6115500009561
37,cbeam_maxabs_normal,0.560520099385811,48.2171109000096
37,cbeam_maxabs_normal,0.567660435925952,47.2043329762921
37,cbeam_maxabs_normal,0.574800772466092,47.1388840537462
37,cbeam_maxabs_normal,0.581941109006232,46.0572157105751
37,cbeam_maxabs_normal,0.589081445546372,48.062531019623
37,cbeam_maxabs_normal,0.596221782086511,48.6929798667869
37,cbeam_maxabs_normal,0.603362118626652,44.5497142707125
37,cbeam_maxabs_normal,0.610502455166791,45.3066425537837
37,cbeam_maxabs_normal,0.617642791706931,45.7098726716978
37,cbeam_maxabs_normal,0.624783128247072,46.6637614801969
37,cbeam_maxabs_normal,0.631923464787212,46.980679133888
37,cbeam_maxabs_normal,0.639063801327352,47.8271285778117
37,cbeam_maxabs_normal,0.646204137867492,47.4577720404915
37,cbeam_maxabs_normal,0.653344474407631,47.147248580101
37,cbeam_maxabs_normal,0.660484810947772,48.069799776203
37,cbeam_maxabs_normal,0.667625147487912,39.7519534911305
37,cbeam_maxabs_normal,0.674765484028051,46.7719487681948
37,cbeam_maxabs_normal,0.681905820568191,43.9050058159483
37,cbeam_maxabs_normal,0.689046157108332,47.313841094809
37,cbeam_maxabs_normal,0.696186493648471,49.0524446200555
37,cbeam_maxabs_normal,0.703326830188612,49.1537518711177
37,cbeam_maxabs_normal,0.710467166728752,51.0146611215361
37,cbeam_maxabs_normal,0.717607503268891,48.5873763475123
37,cbeam_maxabs_normal,0.724747839809031,52.8062017061582
37,cbeam_maxabs_normal,0.731888176349171,48.1416604219128
37,cbeam_maxabs_normal,0.739028512889311,53.8348476526679
37,cbeam_maxabs_normal,0.746168849429451,47.6062136024081
37,cbeam_maxabs_normal,0.753309185969592,55.3273626130657
37,cbeam_maxabs_normal,0.760449522509731,49.502885869731
37,cbeam_maxabs_normal,0.767589859049871,56.3702633436323
37,cbeam_maxabs_normal,0.774730195590011,49.4086531277378
37,cbeam_maxabs_normal,0.781870532130151,56.7102630581071
37,cbeam_maxabs_normal,0.789010868670292,48.4565309331902
37,cbeam_maxabs_normal,0.796151205210431,56.407245959934
37,cbeam_maxabs_normal,0.803291541750571,50.9923192111225
37,cbeam_maxabs_normal,0.810431878290712,51.7564798565148
37,cbeam_maxabs_normal,0.817572214830851,52.6318618294726
37,cbeam_maxabs_normal,0.824712551370991,46.381927033377
37,cbeam_maxabs_normal,0.831852887911132,58.0503294693194
37,cbeam_maxabs_normal,0.838993224451271,52.9773245610928
37,cbeam_maxabs_normal,0.846133560991411,62.9696971874071
37,cbeam_maxabs_normal,0.853273897531551,47.3328595644054
37,cbeam_maxabs_normal,0.860414234071691,65.47213336244
37,cbeam_maxabs_normal,0.867554570611831,45.7011487823678
37,cbeam_maxabs_normal,0.874694907151971,63.9664613440465
37,cbeam_maxabs_normal,0.881835243692111,48.3118893873961
37,cbeam_maxabs_normal,0.888975580232252,65.1420993286108
37,cbeam_maxabs_normal,0.896115916772391,37.536655804369
37,cbeam_maxabs_normal,0.903256253312531,65.6610134265397
37,cbeam_maxabs_normal,0.910396589852671,18.6846617240844
37,cbeam_maxabs_normal,0.917536926392811,68.5558140697959
37,cbeam_maxabs_normal,0.924677262932951,20.9673350448177
37,cbeam_maxabs_normal,0.931817599473092,65.7479576895159
37,cbeam_maxabs_normal,0.938957936013232,19.9668634449589
37,cbeam_maxabs_normal,0.946098272553371,30.5211107498804
37,cbeam_maxabs_normal,0.953238609093511,51.6690283229013
37,cbeam_maxabs_normal,0.960378945633651,17.2848404553715
37,cbeam_maxabs_normal,0.967519282173791,39.4940881537888
37,cbeam_maxabs_normal,0.974659618713931,15.8670664821594
37,cbeam_maxabs_normal,0.981799955254071,11.7832460808993
37,cbeam_maxabs_normal,0.988940291794211,8.24922179784713
37,cbeam_maxabs_normal,0.996080628334351,1.06910837357806
64,shell_von_mises,0.00356944624199731,40.8955260734999
64,shell_von_mises,0.0107123293198245,22.1479555269
64,shell_von_mises,0.0178552123976516,22.6050974328259
64,shell_von_mises,0.0249980954754788,21.5481326978447
64,shell_von_mises,0.0321409785533059,22.1809103154971
64,shell_von_mises,0.0392838616311331,22.2298784027933
64,shell_von_mises,0.0464267447089602,22.4756655905599
64,shell_von_mises,0.0535696277867874,21.8594101753485
64,shell_von_mises,0.0607125108646145,22.3351717336859
64,shell_von_mises,0.0678553939424417,21.6664098966245
64,shell_von_mises,0.0749982770202688,21.7350379713342
64,shell_von_mises,0.082141160098096,21.4863889939482
64,shell_von_mises,0.0892840431759231,20.7915786853312
64,shell_von_mises,0.0964269262537503,21.637752385354
64,shell_von_mises,0.103569809331577,21.0386497808027
64,shell_von_mises,0.110712692409405,20.6255422291701
64,shell_von_mises,0.117855575487232,20.6867581857942
64,shell_von_mises,0.124998458565059,20.9383799028581
64,shell_von_mises,0.132141341642886,20.5656122794568
64,shell_von_mises,0.139284224720713,20.6743370311404
64,shell_von_mises,0.14642710779854,21.0114531755975
64,shell_von_mises,0.153569990876367,21.0521615148711
64,shell_von_mises,0.160712873954195,20.4367378114593
64,shell_von_mises,0.167855757032022,20.2091710040189
64,shell_von_mises,0.174998640109849,20.441607087176
64,shell_von_mises,0.182141523187676,20.0174938712589
64,shell_von_mises,0.189284406265503,19.7174184822496
64,shell_von_mises,0.19642728934333,19.7585293372416
64,shell_von_mises,0.203570172421157,19.3267418421889
64,shell_von_mises,0.210713055498985,19.2582932949311
64,shell_von_mises,0.217855938576812,18.9162676206623
64,shell_von_mises,0.224998821654639,18.5833631783226
64,shell_von_mises,0.232141704732466,18.6189188664494
64,shell_von_mises,0.239284587810293,18.4239044550318
64,shell_von_mises,0.24642747088812,18.4884949459155
64,shell_von_mises,0.253570353965948,17.9826744649564
64,shell_von_mises,0.260713237043775,18.150107878631
64,shell_von_mises,0.267856120121602,17.905512358913
64,shell_von_mises,0.274999003199429,17.8224230913053
64,shell_von_mises,0.282141886277256,17.1120723698666
64,shell_von_mises,0.289284769355083,16.9740129484946
64,shell_von_mises,0.29642765243291,16.9329388621543
64,shell_von_mises,0.303570535510738,16.8851930378123
64,shell_von_mises,0.310713418588565,16.568940106368
64,shell_von_mises,0.317856301666392,16.5064834126318
64,shell_von_mises,0.324999184744219,16.1920474387012
64,shell_von_mises,0.332142067822046,16.224622580151
64,shell_von_mises,0.339284950899873,15.9449665543604
64,shell_von_mises,0.3464278339777,16.0107520193141
64,shell_von_mises,0.353570717055528,15.575550594832
64,shell_von_mises,0.360713600133355,15.2761916166594
64,shell_von_mises,0.367856483211182,15.2502537889649
64,shell_von_mises,0.374999366289009,15.0449094087118
64,shell_von_mises,0.382142249366836,14.8155024760693
64,shell_von_mises,0.389285132444663,14.7648963297967
64,shell_von_mises,0.39642801552249,14.5021528349133
64,shell_von_mises,0.403570898600318,14.2673072075421
64,shell_von_mises,0.410713781678145,14.2117608875965
64,shell_von_mises,0.417856664755972,14.2764193017856
64,shell_von_mises,0.424999547833799,14.1034569702092
64,shell_von_mises,0.432142430911626,13.9815520815236
64,shell_von_mises,0.439285313989453,13.9883487577109
64,shell_von_mises,0.446428197067281,13.9293355941981
64,shell_von_mises,0.453571080145108,13.3621741610627
64,shell_von_mises,0.460713963222935,13.3745761094086
64,shell_von_mises,0.467856846300762,13.0556381297656
64,shell_von_mises,0.474999729378589,13.2170958361913
64,shell_von_mises,0.482142612456416,12.8156091013063
64,shell_von_mises,0.489285495534243,12.4205307997327
64,shell_von_mises,0.496428378612071,12.3556886753538
64,shell_von_mises,0.503571261689898,11.9499470237654
64,shell_von_mises,0.510714144767725,11.9378580835948
64,shell_von_mises,0.517857027845552,11.6777476718022
64,shell_von_mises,0.524999910923379,11.543090216325
64,shell_von_mises,0.532142794001206,11.2163489854248
64,shell_von_mises,0.539285677079034,10.90819921592
64,shell_von_mises,0.546428560156861,11.0221743796387
64,shell_von_mises,0.553571443234688,10.5073144016055
64,shell_von_mises,0.560714326312515,10.6107717630451
64,shell_von_mises,0.567857209390342,10.0629161870499
64,shell_von_mises,0.575000092468169,9.74075790871334
64,shell_von_mises,0.582142975545996,9.32518251498408
64,shell_von_mises,0.589285858623824,9.12473856963983
64,shell_von_mises,0.596428741701651,9.10719697638587
64,shell_von_mises,0.603571624779478,8.91142343920365
64,shell_von_mises,0.610714507857305,8.89274917846406
64,shell_von_mises,0.617857390935132,8.723486467167
64,shell_von_mises,0.625000274012959,8.61145705711101
64,shell_von_mises,0.632143157090787,8.26480630559695
64,shell_von_mises,0.639286040168614,8.02778846277434
64,shell_von_mises,0.646428923246441,7.871493707944
64,shell_von_mises,0.653571806324268,7.58506776057867
64,shell_von_mises,0.660714689402095,10.2330261827542
64,shell_von_mises,0.667857572479922,7.28392781994244
64,shell_von_mises,0.675000455557749,7.15742301476509
64,shell_von_mises,0.682143338635576,7.0076747166647
64,shell_von_mises,0.689286221713404,6.81009660359583
64,shell_von_mises,0.696429104791231,6.6258096866202
64,shell_von_mises,0.703571987869058,6.437350990282
64,shell_von_mises,0.710714870946885,6.23012701321072
64,shell_von_mises,0.717857754024712,6.12006773761516
64,shell_von_mises,0.725000637102539,6.26360181525406
64,shell_von_mises,0.732143520180367,6.3359565013172
64,shell_von_mises,0.739286403258194,5.46222153731679
64,shell_von_mises,0.746429286336021,5.37549592695575
64,shell_von_mises,0.753572169413848,5.07432920396764
64,shell_von_mises,0.760715052491675,4.98929854755602
64,shell_von_mises,0.767857935569502,4.72207072646984
64,shell_von_mises,0.775000818647329,4.5581864575005
64,shell_von_mises,0.782143701725157,4.36487590244878
64,shell_von_mises,0.789286584802984,4.15040660661145
64,shell_von_mises,0.796429467880811,4.10584888379859
64,shell_von_mises,0.803572350958638,4.10937771130553
64,shell_von_mises,0.810715234036465,4.08922262633277
64,shell_von_mises,0.817858117114292,3.93305197025407
64,shell_von_mises,0.825001000192119,3.76410930794248
64,shell_von_mises,0.832143883269947,3.85367946055689
64,shell_von_mises,0.839286766347774,3.6572919053538
64,shell_von_mises,0.846429649425601,3.45441757172617
64,shell_von_mises,0.853572532503428,3.51446339437443
64,shell_von_mises,0.860715415581255,3.33876194462119
64,shell_von_mises,0.867858298659082,2.79646521826273
64,shell_von_mises,0.87500118173691,2.89290247691451
64,shell_von_mises,0.882144064814737,2.54500311799853
64,shell_von_mises,0.889286947892564,3.51180160178962
64,shell_von_mises,0.896429830970391,2.45260864790728
64,shell_von_mises,0.903572714048218,2.05426714473377
64,shell_von_mises,0.910715597126045,2.86956175832574
64,shell_von_mises,0.917858480203872,1.76532618292372
64,shell_von_mises,0.9250013632817,1.75666988669937
64,shell_von_mises,0.932144246359527,1.56085630346656
64,shell_von_mises,0.939287129437354,1.57686478691314
64,shell_von_mises,0.946430012515181,1.22582109133737
64,shell_von_mises,0.953572895593008,1.17779213232909
64,shell_von_mises,0.960715778670835,1.05264893957038
64,shell_von_mises,0.967858661748662,1.12201065093416
64,shell_von_mises,0.975001544826489,0.775779520897354
64,shell_von_mises,0.982144427904317,0.613001425371277
64,shell_von_mises,0.989287310982144,0.600780894163932
64,shell_von_mises,0.996430194059971,1.3965408598068
64,cbeam_maxabs_normal,0.00357393722572226,51.0793221438178
64,cbeam_maxabs_normal,0.0107144367681032,65.4188872202663
64,cbeam_maxabs_normal,0.0178549363104842,59.973537267048
64,cbeam_maxabs_normal,0.0249954358528651,55.3209589115002
64,cbeam_maxabs_normal,0.0321359353952461,58.0510198020114
64,cbeam_maxabs_normal,0.0392764349376271,55.9005271557073
64,cbeam_maxabs_normal,0.046416934480008,51.9744888886905
64,cbeam_maxabs_normal,0.053557434022389,49.1507284109377
64,cbeam_maxabs_normal,0.06069793356477,48.918897324425
64,cbeam_maxabs_normal,0.0678384331071509,45.7209374703225
64,cbeam_maxabs_normal,0.0749789326495319,43.7545158319879
64,cbeam_maxabs_normal,0.0821194321919128,44.8680798337903
64,cbeam_maxabs_normal,0.0892599317342938,44.3278582835617
64,cbeam_maxabs_normal,0.0964004312766748,42.4842517979325
64,cbeam_maxabs_normal,0.103540930819056,42.6292213898309
64,cbeam_maxabs_normal,0.110681430361437,42.3240423136873
64,cbeam_maxabs_normal,0.117821929903818,41.848480561768
64,cbeam_maxabs_normal,0.124962429446199,40.2856576729264
64,cbeam_maxabs_normal,0.13210292898858,41.5048237328454
64,cbeam_maxabs_normal,0.139243428530961,41.3013694374323
64,cbeam_maxabs_normal,0.146383928073341,40.9267214521632
64,cbeam_maxabs_normal,0.153524427615722,41.7925259951358
64,cbeam_maxabs_normal,0.160664927158103,41.466722570023
64,cbeam_maxabs_normal,0.167805426700484,43.8848651438348
64,cbeam_maxabs_normal,0.174945926242865,45.0513958477843
64,cbeam_maxabs_normal,0.182086425785246,44.1503424298744
64,cbeam_maxabs_normal,0.189226925327627,45.4265129396977
64,cbeam_maxabs_normal,0.196367424870008,46.4164678196072
64,cbeam_maxabs_normal,0.203507924412389,46.0964688972278
64,cbeam_maxabs_normal,0.21064842395477,45.5957685454041
64,cbeam_maxabs_normal,0.217788923497151,44.8313161171281
64,cbeam_maxabs_normal,0.224929423039532,43.9415519621059
64,cbeam_maxabs_normal,0.232069922581913,43.7128271791981
64,cbeam_maxabs_normal,0.239210422124294,41.9369137801083
64,cbeam_maxabs_normal,0.246350921666675,40.9578770081905
64,cbeam_maxabs_normal,0.253491421209056,42.4223391944733
64,cbeam_maxabs_normal,0.260631920751437,40.3086207770181
64,cbeam_maxabs_normal,0.267772420293818,42.2119389571404
64,cbeam_maxabs_normal,0.274912919836199,42.4909081401505
64,cbeam_maxabs_normal,0.28205341937858,39.8610089897588
64,cbeam_maxabs_normal,0.289193918920961,42.1016405539646
64,cbeam_maxabs_normal,0.296334418463342,42.538644756369
64,cbeam_maxabs_normal,0.303474918005723,41.2994585990234
64,cbeam_maxabs_normal,0.310615417548104,41.1936328456635
64,cbeam_maxabs_normal,0.317755917090485,38.6891871047707
64,cbeam_maxabs_normal,0.324896416632866,39.8367438959933
64,cbeam_maxabs_normal,0.332036916175246,38.3945407111809
64,cbeam_maxabs_normal,0.339177415717627,37.7338614980354
64,cbeam_maxabs_normal,0.346317915260008,36.9217551083788
64,cbeam_maxabs_normal,0.353458414802389,35.0713980553771
64,cbeam_maxabs_normal,0.36059891434477,36.4701843653386
64,cbeam_maxabs_normal,0.367739413887151,36.5016362850626
64,cbeam_maxabs_normal,0.374879913429532,37.1906597947099
64,cbeam_maxabs_normal,0.382020412971913,38.495209872772
64,cbeam_maxabs_normal,0.389160912514294,41.2949075431904
64,cbeam_maxabs_normal,0.396301412056675,40.3942171669802
64,cbeam_maxabs_normal,0.403441911599056,43.6345973759301
64,cbeam_maxabs_normal,0.410582411141437,43.7562241814952
64,cbeam_maxabs_normal,0.417722910683818,42.0167129468442
64,cbeam_maxabs_normal,0.424863410226199,39.1319552523413
64,cbeam_maxabs_normal,0.43200390976858,31.6778005428353
64,cbeam_maxabs_normal,0.439144409310961,34.5540552483518
64,cbeam_maxabs_normal,0.446284908853342,34.2459504409346
64,cbeam_maxabs_normal,0.453425408395723,36.0414391208361
64,cbeam_maxabs_normal,0.460565907938104,40.3363915010626
64,cbeam_maxabs_normal,0.467706407480485,39.1804619474086
64,cbeam_maxabs_normal,0.474846907022866,46.1264262716824
64,cbeam_maxabs_normal,0.481987406565247,47.7478607353216
64,cbeam_maxabs_normal,0.489127906107628,47.4036815397249
64,cbeam_maxabs_normal,0.496268405650009,48.5175203186264
64,cbeam_maxabs_normal,0.50340890519239,37.676054225067
64,cbeam_maxabs_normal,0.510549404734771,40.3691733124662
64,cbeam_maxabs_normal,0.517689904277152,41.7971201267442
64,cbeam_maxabs_normal,0.524830403819532,42.3573194378607
64,cbeam_maxabs_normal,0.531970903361913,44.7480730489276
64,cbeam_maxabs_normal,0.539111402904294,44.6704131885319
64,cbeam_maxabs_normal,0.546251902446675,46.7570781583034
64,cbeam_maxabs_normal,0.553392401989056,40.103447917701
64,cbeam_maxabs_normal,0.560532901531437,41.5880949507973
64,cbeam_maxabs_normal,0.567673401073818,42.5131775325389
64,cbeam_maxabs_normal,0.574813900616199,42.8319732487431
64,cbeam_maxabs_normal,0.58195440015858,42.5911004018966
64,cbeam_maxabs_normal,0.589094899700961,42.0759227259083
64,cbeam_maxabs_normal,0.596235399243342,41.1632575362861
64,cbeam_maxabs_normal,0.603375898785723,39.8095770006856
64,cbeam_maxabs_normal,0.610516398328104,40.3325928776111
64,cbeam_maxabs_normal,0.617656897870485,40.5801623861831
64,cbeam_maxabs_normal,0.624797397412866,40.5314008234909
64,cbeam_maxabs_normal,0.631937896955247,40.4135866689499
64,cbeam_maxabs_normal,0.639078396497628,38.7924488854945
64,cbeam_maxabs_normal,0.646218896040009,39.8114262998196
64,cbeam_maxabs_normal,0.65335939558239,38.2763036585375
64,cbeam_maxabs_normal,0.660499895124771,38.2551511443925
64,cbeam_maxabs_normal,0.667640394667152,37.7746153647708
64,cbeam_maxabs_normal,0.674780894209533,37.708611136712
64,cbeam_maxabs_normal,0.681921393751914,37.4298678529559
64,cbeam_maxabs_normal,0.689061893294295,35.8476054582675
64,cbeam_maxabs_normal,0.696202392836676,35.6628759159885
64,cbeam_maxabs_normal,0.703342892379057,34.4164224492458
64,cbeam_maxabs_normal,0.710483391921438,36.5841881629109
64,cbeam_maxabs_normal,0.717623891463818,32.8760791885487
64,cbeam_maxabs_normal,0.724764391006199,31.6678058111237
64,cbeam_maxabs_normal,0.73190489054858,31.7532416662018
64,cbeam_maxabs_normal,0.739045390090961,35.3660255302821
64,cbeam_maxabs_normal,0.746185889633342,31.7622800046291
64,cbeam_maxabs_normal,0.753326389175723,30.899118533123
64,cbeam_maxabs_normal,0.760466888718104,28.9395054753283
64,cbeam_maxabs_normal,0.767607388260485,34.433197076746
64,cbeam_maxabs_normal,0.774747887802866,33.9949005995875
64,cbeam_maxabs_normal,0.781888387345247,38.4793253385582
64,cbeam_maxabs_normal,0.789028886887628,36.0556921596177
64,cbeam_maxabs_normal,0.796169386430009,40.6301095353331
64,cbeam_maxabs_normal,0.80330988597239,41.2530630357231
64,cbeam_maxabs_normal,0.810450385514771,42.4148619435774
64,cbeam_maxabs_normal,0.817590885057152,45.180159722678
64,cbeam_maxabs_normal,0.824731384599533,35.7056585911498
64,cbeam_maxabs_normal,0.831871884141914,47.0275308413245
64,cbeam_maxabs_normal,0.839012383684295,26.5958581246631
64,cbeam_maxabs_normal,0.846152883226676,46.4860314136592
64,cbeam_maxabs_normal,0.853293382769057,25.7188794219518
64,cbeam_maxabs_normal,0.860433882311438,46.2214875967258
64,cbeam_maxabs_normal,0.867574381853819,20.3193414101188
64,cbeam_maxabs_normal,0.8747148813962,47.6582128554478
64,cbeam_maxabs_normal,0.881855380938581,16.9512836744741
64,cbeam_maxabs_normal,0.888995880480962,48.1686381901143
64,cbeam_maxabs_normal,0.896136380023343,14.1683980647747
64,cbeam_maxabs_normal,0.903276879565723,46.7979422773044
64,cbeam_maxabs_normal,0.910417379108104,16.9082146556201
64,cbeam_maxabs_normal,0.917557878650485,47.0944064737774
64,cbeam_maxabs_normal,0.924698378192866,21.0729047687237
64,cbeam_maxabs_normal,0.931838877735247,32.2566066794785
64,cbeam_maxabs_normal,0.938979377277628,40.5477715487296
64,cbeam_maxabs_normal,0.946119876820009,4.8485268027349
64,cbeam_maxabs_normal,0.95326037636239,30.8341362827554
64,cbeam_maxabs_normal,0.960400875904771,9.66035373729314
64,cbeam_maxabs_normal,0.967541375447152,11.6750988523526
64,cbeam_maxabs_normal,0.974681874989533,5.0126431678353
64,cbeam_maxabs_normal,0.981822374531914,4.08885980455547
64,cbeam_maxabs_normal,0.988962874074295,6.40000888594403
64,cbeam_maxabs_normal,0.996103373616676,0.747382190077264
65,shell_von_mises,0.00356994292993926,76.1495015048605
65,shell_von_mises,0.0107128208182113,40.7820475525239
65,shell_von_mises,0.0178556987064833,40.0017002108484
65,shell_von_mises,0.0249985765947553,40.4437404778495
65,shell_von_mises,0.0321414544830274,40.7427090614871
65,shell_von_mises,0.0392843323712994,39.1976807301328
65,shell_von_mises,0.0464272102595714,39.040358968065
65,shell_von_mises,0.0535700881478435,38.7395339349663
65,shell_von_mises,0.0607129660361155,38.3869035969039
65,shell_von_mises,0.0678558439243875,38.5717899705664
65,shell_von_mises,0.0749987218126596,37.8891801361234
65,shell_von_mises,0.0821415997009316,38.3454673359289
65,shell_von_mises,0.0892844775892036,36.9216187713041
65,shell_von_mises,0.0964273554774756,37.5585537038433
65,shell_von_mises,0.103570233365748,36.8598485010816
65,shell_von_mises,0.11071311125402,36.5817496347779
65,shell_von_mises,0.117855989142292,36.2815386017044
65,shell_von_mises,0.124998867030564,36.0379096705297
65,shell_von_mises,0.132141744918836,35.0512302161541
65,shell_von_mises,0.139284622807108,34.7936063907818
65,shell_von_mises,0.14642750069538,34.7593018595337
65,shell_von_mises,0.153570378583652,34.1181853795004
65,shell_von_mises,0.160713256471924,33.8539209363683
65,shell_von_mises,0.167856134360196,33.7397221719508
65,shell_von_mises,0.174999012248468,33.2997583420305
65,shell_von_mises,0.18214189013674,33.3549827358301
65,shell_von_mises,0.189284768025012,33.0026527622334
65,shell_von_mises,0.196427645913284,33.4302631388899
65,shell_von_mises,0.203570523801556,32.8101210310535
65,shell_von_mises,0.210713401689828,32.747165667346
65,shell_von_mises,0.2178562795781,32.4149877339351
65,shell_von_mises,0.224999157466372,32.712913934587
65,shell_von_mises,0.232142035354644,32.5557534852269
65,shell_von_mises,0.239284913242916,33.0810819575667
65,shell_von_mises,0.246427791131188,32.8186941399384
65,shell_von_mises,0.25357066901946,33.2924163466921
65,shell_von_mises,0.260713546907732,31.8031948739859
65,shell_von_mises,0.267856424796004,33.6273415774361
65,shell_von_mises,0.274999302684276,31.9566032337646
65,shell_von_mises,0.282142180572548,31.8946680847569
65,shell_von_mises,0.28928505846082,30.8696189856248
65,shell_von_mises,0.296427936349092,30.8966420110679
65,shell_von_mises,0.303570814237364,30.2012929797124
65,shell_von_mises,0.310713692125637,29.9935332315537
65,shell_von_mises,0.317856570013909,29.7196259884166
65,shell_von_mises,0.324999447902181,28.8805013123298
65,shell_von_mises,0.332142325790453,28.83887458494
65,shell_von_mises,0.339285203678725,28.5873658823615
65,shell_von_mises,0.346428081566997,27.4807544573454
65,shell_von_mises,0.353570959455269,27.4518078643088
65,shell_von_mises,0.360713837343541,27.3695473114834
65,shell_von_mises,0.367856715231813,27.0629172050493
65,shell_von_mises,0.374999593120085,26.5076063882548
65,shell_von_mises,0.382142471008357,25.9089389398927
65,shell_von_mises,0.389285348896629,26.2673292871772
65,shell_von_mises,0.396428226784901,25.5897969184037
65,shell_von_mises,0.403571104673173,24.6080734254087
65,shell_von_mises,0.410713982561445,24.5485410563195
65,shell_von_mises,0.417856860449717,23.798135039669
65,shell_von_mises,0.424999738337989,23.9635389839822
65,shell_von_mises,0.432142616226261,23.2210300978445
65,shell_von_mises,0.439285494114533,22.8361130231069
65,shell_von_mises,0.446428372002805,22.6195217892299
65,shell_von_mises,0.453571249891077,22.2219118558065
65,shell_von_mises,0.460714127779349,21.8319559918904
65,shell_von_mises,0.467857005667621,21.6115408290495
65,shell_von_mises,0.474999883555893,21.3766148523197
65,shell_von_mises,0.482142761444165,20.9525977698759
65,shell_von_mises,0.489285639332437,20.4216998025451
65,shell_von_mises,0.496428517220709,20.3598941732262
65,shell_von_mises,0.503571395108981,19.8397989240378
65,shell_von_mises,0.510714272997253,19.2487878355049
65,shell_von_mises,0.517857150885525,19.2494626107617
65,shell_von_mises,0.525000028773797,18.5944076782225
65,shell_von_mises,0.532142906662069,19.2940173922087
65,shell_von_mises,0.539285784550341,18.533527879026
65,shell_von_mises,0.546428662438614,18.7912036565315
65,shell_von_mises,0.553571540326885,18.3845961184742
65,shell_von_mises,0.560714418215158,17.865973294024
65,shell_von_mises,0.56785729610343,17.5339642794706
65,shell_von_mises,0.575000173991702,17.3856774671862
65,shell_von_mises,0.582143051879974,18.3545579394123
65,shell_von_mises,0.589285929768246,17.0362991878173
65,shell_von_mises,0.596428807656518,16.816954045063
65,shell_von_mises,0.60357168554479,17.6180993003153
65,shell_von_mises,0.610714563433062,17.111601156942
65,shell_von_mises,0.617857441321334,15.7307205042517
65,shell_von_mises,0.625000319209606,16.0312219913596
65,shell_von_mises,0.632143197097878,15.6522690261449
65,shell_von_mises,0.63928607498615,15.6516683123103
65,shell_von_mises,0.646428952874422,15.2066213707259
65,shell_von_mises,0.653571830762694,14.6511583697594
65,shell_von_mises,0.660714708650966,14.421258005357
65,shell_von_mises,0.667857586539238,13.8541658045409
65,shell_von_mises,0.67500046442751,13.3096612254449
65,shell_von_mises,0.682143342315782,12.9342966651723
65,shell_von_mises,0.689286220204054,12.3267796428937
65,shell_von_mises,0.696429098092326,12.299727115322
65,shell_von_mises,0.703571975980598,11.9259818222335
65,shell_von_mises,0.71071485386887,11.4263209879737
65,shell_von_mises,0.717857731757142,11.0626089064459
65,shell_von_mises,0.725000609645414,10.5319373394335
65,shell_von_mises,0.732143487533686,10.7418555538365
65,shell_von_mises,0.739286365421958,9.6946261767125
65,shell_von_mises,0.74642924331023,9.27298673781257
65,shell_von_mises,0.753572121198502,8.51322377551609
65,shell_von_mises,0.760714999086774,8.14559873383309
65,shell_von_mises,0.767857876975046,7.86112118785484
65,shell_von_mises,0.775000754863318,7.57590150303226
65,shell_von_mises,0.78214363275159,7.35413984475819
65,shell_von_mises,0.789286510639863,6.90871651814776
65,shell_von_mises,0.796429388528134,6.57336553592255
65,shell_von_mises,0.803572266416406,6.17130595184279
65,shell_von_mises,0.810715144304679,6.02630613664009
65,shell_von_mises,0.817858022192951,5.59694363333019
65,shell_von_mises,0.825000900081223,5.32106122852707
65,shell_von_mises,0.832143777969495,4.97437470650752
65,shell_von_mises,0.839286655857767,4.81903231522816
65,shell_von_mises,0.846429533746039,4.38437135681638
65,shell_von_mises,0.853572411634311,4.15415509018171
65,shell_von_mises,0.860715289522583,3.96704258836253
65,shell_von_mises,0.867858167410855,3.51794759268936
65,shell_von_mises,0.875001045299127,3.4439869021124
65,shell_von_mises,0.882143923187399,2.9545337719407
65,shell_von_mises,0.889286801075671,2.90907648657743
65,shell_von_mises,0.896429678963943,2.54336187447741
65,shell_von_mises,0.903572556852215,2.27497095219004
65,shell_von_mises,0.910715434740487,2.07664049552165
65,shell_von_mises,0.917858312628759,1.83954702153955
65,shell_von_mises,0.925001190517031,1.96225336243803
65,shell_von_mises,0.932144068405303,1.72314726324906
65,shell_von_mises,0.939286946293575,1.65108371367669
65,shell_von_mises,0.946429824181847,1.35382909393995
65,shell_von_mises,0.953572702070119,1.16250216544341
65,shell_von_mises,0.960715579958391,0.947623681954888
65,shell_von_mises,0.967858457846663,0.682911334141673
65,shell_von_mises,0.975001335734935,0.697394043401751
65,shell_von_mises,0.982144213623207,0.408876665305679
65,shell_von_mises,0.989287091511479,0.485527325337015
65,shell_von_mises,0.996429969399751,0.638316915779445
65,cbeam_maxabs_normal,0.00357520078605858,68.1957703013028
65,cbeam_maxabs_normal,0.0107180312398502,70.1345183690037
65,cbeam_maxabs_normal,0.0178608616936419,64.848270196574
65,cbeam_maxabs_normal,0.0250036921474335,61.6906845529164
65,cbeam_maxabs_normal,0.0321465226012251,59.9327226881412
65,cbeam_maxabs_normal,0.0392893530550168,56.9630066913878
65,cbeam_maxabs_normal,0.0464321835088084,57.3243050928558
65,cbeam_maxabs_normal,0.0535750139626001,52.0254246366735
65,cbeam_maxabs_normal,0.0607178444163917,48.9978031828538
65,cbeam_maxabs_normal,0.0678606748701834,46.8574563360808
65,cbeam_maxabs_normal,0.075003505323975,45.8697220057626
65,cbeam_maxabs_normal,0.0821463357777666,44.6671161426676
65,cbeam_maxabs_normal,0.0892891662315583,42.7871092291918
65,cbeam_maxabs_normal,0.0964319966853499,40.8182250756109
65,cbeam_maxabs_normal,0.103574827139142,38.5615149900845
65,cbeam_maxabs_normal,0.110717657592933,36.5487281044647
65,cbeam_maxabs_normal,0.117860488046725,33.9239081861378
65,cbeam_maxabs_normal,0.125003318500516,35.369861269567
65,cbeam_maxabs_normal,0.132146148954308,34.2005352389569
65,cbeam_maxabs_normal,0.1392889794081,33.1312140208713
65,cbeam_maxabs_normal,0.146431809861891,32.5734283052681
65,cbeam_maxabs_normal,0.153574640315683,28.9104611765869
65,cbeam_maxabs_normal,0.160717470769475,28.3679687582285
65,cbeam_maxabs_normal,0.167860301223266,29.1244052702868
65,cbeam_maxabs_normal,0.175003131677058,27.1196590428526
65,cbeam_maxabs_normal,0.18214596213085,26.970848382393
65,cbeam_maxabs_normal,0.189288792584641,26.9405864068886
65,cbeam_maxabs_normal,0.196431623038433,27.1765636159163
65,cbeam_maxabs_normal,0.203574453492225,27.6100882918768
65,cbeam_maxabs_normal,0.210717283946016,27.1266234154918
65,cbeam_maxabs_normal,0.217860114399808,27.9098859536755
65,cbeam_maxabs_normal,0.2250029448536,26.9362557539457
65,cbeam_maxabs_normal,0.232145775307391,27.9682882333854
65,cbeam_maxabs_normal,0.239288605761183,27.4628963672206
65,cbeam_maxabs_normal,0.246431436214974,28.1347917229062
65,cbeam_maxabs_normal,0.253574266668766,28.2817600564079
65,cbeam_maxabs_normal,0.260717097122558,28.2303524147591
65,cbeam_maxabs_normal,0.267859927576349,28.6975268222657
65,cbeam_maxabs_normal,0.275002758030141,28.8763629519194
65,cbeam_maxabs_normal,0.282145588483933,29.155542113017
65,cbeam_maxabs_normal,0.289288418937724,27.9567582186046
65,cbeam_maxabs_normal,0.296431249391516,29.6803726442398
65,cbeam_maxabs_normal,0.303574079845308,29.8080256804842
65,cbeam_maxabs_normal,0.310716910299099,30.0344793673344
65,cbeam_maxabs_normal,0.317859740752891,31.1905800232461
65,cbeam_maxabs_normal,0.325002571206682,30.9205408109843
65,cbeam_maxabs_normal,0.332145401660474,31.0092409329571
65,cbeam_maxabs_normal,0.339288232114266,30.5897832033186
65,cbeam_maxabs_normal,0.346431062568057,29.7557717717332
65,cbeam_maxabs_normal,0.353573893021849,31.4877139098891
65,cbeam_maxabs_normal,0.360716723475641,32.2438634988705
65,cbeam_maxabs_normal,0.367859553929432,31.5150391065237
65,cbeam_maxabs_normal,0.375002384383224,32.9672521919741
65,cbeam_maxabs_normal,0.382145214837016,33.0341829872923
65,cbeam_maxabs_normal,0.389288045290807,33.3637908528001
65,cbeam_maxabs_normal,0.396430875744599,31.5323877168803
65,cbeam_maxabs_normal,0.403573706198391,33.5359253731837
65,cbeam_maxabs_normal,0.410716536652182,33.0211203307995
65,cbeam_maxabs_normal,0.417859367105974,32.5753673620792
65,cbeam_maxabs_normal,0.425002197559765,32.4474765626552
65,cbeam_maxabs_normal,0.432145028013557,32.5188482275111
65,cbeam_maxabs_normal,0.439287858467349,30.7559567427403
65,cbeam_maxabs_normal,0.44643068892114,33.080826794094
65,cbeam_maxabs_normal,0.453573519374932,33.054597926148
65,cbeam_maxabs_normal,0.460716349828724,30.4570185596989
65,cbeam_maxabs_normal,0.467859180282515,32.822188421998
65,cbeam_maxabs_normal,0.475002010736307,31.5536439976893
65,cbeam_maxabs_normal,0.482144841190099,29.6486251690323
65,cbeam_maxabs_normal,0.48928767164389,31.4095003405902
65,cbeam_maxabs_normal,0.496430502097682,31.057405733796
65,cbeam_maxabs_normal,0.503573332551474,30.3229746947218
65,cbeam_maxabs_normal,0.510716163005265,30.465004841266
65,cbeam_maxabs_normal,0.517858993459057,29.9297722932285
65,cbeam_maxabs_normal,0.525001823912848,29.8096579781332
65,cbeam_maxabs_normal,0.53214465436664,29.5320986886831
65,cbeam_maxabs_normal,0.539287484820432,29.2220144324581
65,cbeam_maxabs_normal,0.546430315274223,29.0204094070656
65,cbeam_maxabs_normal,0.553573145728015,28.6208587430055
65,cbeam_maxabs_normal,0.560715976181807,28.4642928279885
65,cbeam_maxabs_normal,0.567858806635598,28.3733379978408
65,cbeam_maxabs_normal,0.57500163708939,27.5174849024734
65,cbeam_maxabs_normal,0.582144467543182,27.2616847636354
65,cbeam_maxabs_normal,0.589287297996973,26.4746690511905
65,cbeam_maxabs_normal,0.596430128450765,25.2896950687252
65,cbeam_maxabs_normal,0.603572958904557,25.4469110993984
65,cbeam_maxabs_normal,0.610715789358348,24.7670788418596
65,cbeam_maxabs_normal,0.61785861981214,23.7579654414654
65,cbeam_maxabs_normal,0.625001450265931,22.1675089633901
65,cbeam_maxabs_normal,0.632144280719723,27.6997361884619
65,cbeam_maxabs_normal,0.639287111173515,22.9103590286401
65,cbeam_maxabs_normal,0.646429941627306,19.7558347644562
65,cbeam_maxabs_normal,0.653572772081098,21.8855749626699
65,cbeam_maxabs_normal,0.66071560253489,20.7809091916073
65,cbeam_maxabs_normal,0.667858432988681,20.9039724749556
65,cbeam_maxabs_normal,0.675001263442473,21.5875144376374
65,cbeam_maxabs_normal,0.682144093896265,23.4746471951952
65,cbeam_maxabs_normal,0.689286924350056,23.4434278438428
65,cbeam_maxabs_normal,0.696429754803848,20.5193482326271
65,cbeam_maxabs_normal,0.70357258525764,20.65361653682
65,cbeam_maxabs_normal,0.710715415711431,20.5056098202946
65,cbeam_maxabs_normal,0.717858246165223,19.7179785253366
65,cbeam_maxabs_normal,0.725001076619014,20.2951901177415
65,cbeam_maxabs_normal,0.732143907072806,21.0600646638335
65,cbeam_maxabs_normal,0.739286737526598,21.1856809881005
65,cbeam_maxabs_normal,0.746429567980389,22.3381660964927
65,cbeam_maxabs_normal,0.753572398434181,22.9397909550649
65,cbeam_maxabs_normal,0.760715228887973,23.0807366460967
65,cbeam_maxabs_normal,0.767858059341764,22.0432305648278
65,cbeam_maxabs_normal,0.775000889795556,20.7064883664119
65,cbeam_maxabs_normal,0.782143720249348,20.6528118179702
65,cbeam_maxabs_normal,0.789286550703139,19.4878092024718
65,cbeam_maxabs_normal,0.796429381156931,18.818636746972
65,cbeam_maxabs_normal,0.803572211610722,17.7461159616339
65,cbeam_maxabs_normal,0.810715042064514,17.2883096618752
65,cbeam_maxabs_normal,0.817857872518306,16.2917682309215
65,cbeam_maxabs_normal,0.825000702972097,14.8708605276861
65,cbeam_maxabs_normal,0.832143533425889,14.9424137219393
65,cbeam_maxabs_normal,0.839286363879681,13.6106066660882
65,cbeam_maxabs_normal,0.846429194333472,13.4981098892396
65,cbeam_maxabs_normal,0.853572024787264,12.0947142360125
65,cbeam_maxabs_normal,0.860714855241056,11.3178534658973
65,cbeam_maxabs_normal,0.867857685694847,10.2047524188958
65,cbeam_maxabs_normal,0.875000516148639,7.55784176588329
65,cbeam_maxabs_normal,0.882143346602431,7.93777428303909
65,cbeam_maxabs_normal,0.889286177056222,6.52423424557552
65,cbeam_maxabs_normal,0.896429007510014,6.73467601389669
65,cbeam_maxabs_normal,0.903571837963806,5.31677977106911
65,cbeam_maxabs_normal,0.910714668417597,5.88786621406847
65,cbeam_maxabs_normal,0.917857498871389,4.4126834320466
65,cbeam_maxabs_normal,0.92500032932518,5.08938345196906
65,cbeam_maxabs_normal,0.932143159778972,4.65032926609792
65,cbeam_maxabs_normal,0.939285990232764,4.2940887853571
65,cbeam_maxabs_normal,0.946428820686555,2.99160382691371
65,cbeam_maxabs_normal,0.953571651140347,2.9172751935269
65,cbeam_maxabs_normal,0.960714481594139,2.08912176467029
65,cbeam_maxabs_normal,0.96785731204793,2.70631245928359
65,cbeam_maxabs_normal,0.975000142501722,1.56880188716735
65,cbeam_maxabs_normal,0.982142972955514,1.81674483955314
65,cbeam_maxabs_normal,0.989285803409305,0.504892489211348
65,cbeam_maxabs_normal,0.996428633863097,0.556209498735454
99,shell_von_mises,0.00356932116159497,71.9623432557925
99,shell_von_mises,0.0107122000163969,43.2886129106894
99,shell_von_mises,0.0178550788711988,44.5635723920746
99,shell_von_mises,0.0249979577260008,42.0595714344937
99,shell_von_mises,0.0321408365808027,42.2472847209297
99,shell_von_mises,0.0392837154356046,42.9692383706103
99,shell_von_mises,0.0464265942904066,41.7312151723394
99,shell_von_mises,0.0535694731452085,40.5328608387529
99,shell_von_mises,0.0607123520000104,40.8493940760792
99,shell_von_mises,0.0678552308548124,39.550355369906
99,shell_von_mises,0.0749981097096143,40.2455848820291
99,shell_von_mises,0.0821409885644162,38.2002732380647
99,shell_von_mises,0.0892838674192182,37.9218040426651
99,shell_von_mises,0.0964267462740201,38.3223316792676
99,shell_von_mises,0.103569625128822,37.4051736598096
99,shell_von_mises,0.110712503983624,37.1153330744547
99,shell_von_mises,0.117855382838426,37.5028849457058
99,shell_von_mises,0.124998261693228,36.7435294502247
99,shell_von_mises,0.13214114054803,36.6563616393275
99,shell_von_mises,0.139284019402832,36.7366274229401
99,shell_von_mises,0.146426898257634,37.2268307123514
99,shell_von_mises,0.153569777112436,36.4429903547254
99,shell_von_mises,0.160712655967237,37.5949534375889
99,shell_von_mises,0.167855534822039,37.7265406041886
99,shell_von_mises,0.174998413676841,36.7117703294959
99,shell_von_mises,0.182141292531643,36.1213545710022
99,shell_von_mises,0.189284171386445,36.1833329094953
99,shell_von_mises,0.196427050241247,37.1688180238022
99,shell_von_mises,0.203569929096049,36.6730424031912
99,shell_von_mises,0.210712807950851,36.5665713043981
99,shell_von_mises,0.217855686805653,35.5341709016555
99,shell_von_mises,0.224998565660455,36.4748290435445
99,shell_von_mises,0.232141444515257,35.8747452700834
99,shell_von_mises,0.239284323370059,34.5149865386254
99,shell_von_mises,0.246427202224861,35.3886992710523
99,shell_von_mises,0.253570081079663,34.6832121985129
99,shell_von_mises,0.260712959934465,35.0826620720337
99,shell_von_mises,0.267855838789266,33.1896717604315
99,shell_von_mises,0.274998717644068,33.0545348738115
99,shell_von_mises,0.28214159649887,33.5308231322361
99,shell_von_mises,0.289284475353672,32.751014755484
99,shell_von_mises,0.296427354208474,33.2503781110272
99,shell_von_mises,0.303570233063276,31.3161157580933
99,shell_von_mises,0.310713111918078,31.6429446861556
99,shell_von_mises,0.31785599077288,31.1077293553574
99,shell_von_mises,0.324998869627682,30.9908922309543
99,shell_von_mises,0.332141748482484,30.3489536404097
99,shell_von_mises,0.339284627337286,29.1419639551202
99,shell_von_mises,0.346427506192088,29.4989012597133
99,shell_von_mises,0.35357038504689,28.5536079462008
99,shell_von_mises,0.360713263901692,29.3686270770391
99,shell_von_mises,0.367856142756494,28.0041706725113
99,shell_von_mises,0.374999021611296,26.6142098813498
99,shell_von_mises,0.382141900466097,27.1091424715692
99,shell_von_mises,0.389284779320899,26.68129735046
99,shell_von_mises,0.396427658175701,26.0478576301633
99,shell_von_mises,0.403570537030503,26.1850378032745
99,shell_von_mises,0.410713415885305,25.0468507727658
99,shell_von_mises,0.417856294740107,24.9259335554859
99,shell_von_mises,0.424999173594909,24.9630968574289
99,shell_von_mises,0.432142052449711,24.7374748511598
99,shell_von_mises,0.439284931304513,23.8640091713298
99,shell_von_mises,0.446427810159315,23.851048957482
99,shell_von_mises,0.453570689014117,23.3151754345018
99,shell_von_mises,0.460713567868919,22.8321422914016
99,shell_von_mises,0.467856446723721,22.4735112980171
99,shell_von_mises,0.474999325578523,21.4549729605969
99,shell_von_mises,0.482142204433324,21.0161892111264
99,shell_von_mises,0.489285083288126,21.6501147431853
99,shell_von_mises,0.496427962142928,21.1949988285475
99,shell_von_mises,0.50357084099773,21.1106072922258
99,shell_von_mises,0.510713719852532,21.1055420263208
99,shell_von_mises,0.517856598707334,21.5751444209536
99,shell_von_mises,0.524999477562136,20.4999986355492
99,shell_von_mises,0.532142356416938,19.9750801758639
99,shell_von_mises,0.53928523527174,19.4362928332329
99,shell_von_mises,0.546428114126542,19.5695289545291
99,shell_von_mises,0.553570992981344,18.9055722984476
99,shell_von_mises,0.560713871836146,18.9696504667496
99,shell_von_mises,0.567856750690948,18.9417556411825
99,shell_von_mises,0.57499962954575,18.4705838669671
99,shell_von_mises,0.582142508400552,18.8303792623819
99,shell_von_mises,0.589285387255354,17.9819295800677
99,shell_von_mises,0.596428266110155,18.5974895971454
99,shell_von_mises,0.603571144964957,17.4469776356058
99,shell_von_mises,0.610714023819759,17.1212787440661
99,shell_von_mises,0.617856902674561,16.9822458500974
99,shell_von_mises,0.624999781529363,16.641908659507
99,shell_von_mises,0.632142660384165,16.088875994672
99,shell_von_mises,0.639285539238967,15.4562921048976
99,shell_von_mises,0.646428418093769,15.6899120271949
99,shell_von_mises,0.653571296948571,14.8777297390613
99,shell_von_mises,0.660714175803373,14.2811401429144
99,shell_von_mises,0.667857054658175,14.3641180299613
99,shell_von_mises,0.674999933512977,13.457308574655
99,shell_von_mises,0.682142812367779,13.3196117876212
99,shell_von_mises,0.689285691222581,12.8220502827949
99,shell_von_mises,0.696428570077382,12.5713250479229
99,shell_von_mises,0.703571448932184,12.0197134488151
99,shell_von_mises,0.710714327786986,11.4525685997198
99,shell_von_mises,0.717857206641788,11.4925009041747
99,shell_von_mises,0.72500008549659,10.7747822483299
99,shell_von_mises,0.732142964351392,10.4318561034313
99,shell_von_mises,0.739285843206194,9.35450684321263
99,shell_von_mises,0.746428722060996,9.18678761805528
99,shell_von_mises,0.753571600915798,8.74898343192124
99,shell_von_mises,0.7607144797706,8.48155269040013
99,shell_von_mises,0.767857358625402,8.25032079837038
99,shell_von_mises,0.775000237480204,7.81696874559644
99,shell_von_mises,0.782143116335006,7.5148140319273
99,shell_von_mises,0.789285995189808,7.11794875632649
99,shell_von_mises,0.79642887404461,6.8381704794946
99,shell_von_mises,0.803571752899411,6.42220775454355
99,shell_von_mises,0.810714631754214,6.17551695885813
99,shell_von_mises,0.817857510609015,5.7892399525447
99,shell_von_mises,0.825000389463817,5.47716113082237
99,shell_von_mises,0.832143268318619,5.13289479697806
99,shell_von_mises,0.839286147173421,4.81156081811732
99,shell_von_mises,0.846429026028223,4.5272788703615
99,shell_von_mises,0.853571904883025,4.24332068060838
99,shell_von_mises,0.860714783737827,3.9528754548615
99,shell_von_mises,0.867857662592629,3.74241690464092
99,shell_von_mises,0.875000541447431,3.26171962499962
99,shell_von_mises,0.882143420302233,3.13526748016736
99,shell_von_mises,0.889286299157035,2.99412299454241
99,shell_von_mises,0.896429178011837,2.69747829986451
99,shell_von_mises,0.903572056866639,2.44710405282909
99,shell_von_mises,0.910714935721441,2.28882864157969
99,shell_von_mises,0.917857814576242,2.09020505214003
99,shell_von_mises,0.925000693431044,2.17645506332018
99,shell_von_mises,0.932143572285846,1.85386554208641
99,shell_von_mises,0.939286451140648,1.88689826466829
99,shell_von_mises,0.94642932999545,1.53386009383077
99,shell_von_mises,0.953572208850252,1.13709868144501
99,shell_von_mises,0.960715087705054,1.05352480563779
99,shell_von_mises,0.967857966559856,0.805110972177389
99,shell_von_mises,0.975000845414658,0.728467623346221
99,shell_von_mises,0.98214372426946,0.479120945281077
99,shell_von_mises,0.989286603124262,0.514107465554461
99,shell_von_mises,0.996429481979064,0.490124278049528
99,cbeam_maxabs_normal,0.00357518548295452,59.7450561179848
99,cbeam_maxabs_normal,0.0107180157221435,47.8465827842983
99,cbeam_maxabs_normal,0.0178608459613324,42.3638172604136
99,cbeam_maxabs_normal,0.0250036762005214,46.9244590417408
99,cbeam_maxabs_normal,0.0321465064397104,44.0229166249314
99,cbeam_maxabs_normal,0.0392893366788993,41.5497059643527
99,cbeam_maxabs_normal,0.0464321669180883,39.5152728543575
99,cbeam_maxabs_normal,0.0535749971572773,36.9463301931837
99,cbeam_maxabs_normal,0.0607178273964662,34.4463460348543
99,cbeam_maxabs_normal,0.0678606576356552,34.6839695269309
99,cbeam_maxabs_normal,0.0750034878748442,33.3234640016744
99,cbeam_maxabs_normal,0.0821463181140331,31.8371672425513
99,cbeam_maxabs_normal,0.0892891483532221,36.2534490786623
99,cbeam_maxabs_normal,0.0964319785924111,35.4137367809544
99,cbeam_maxabs_normal,0.1035748088316,28.4392613987244
99,cbeam_maxabs_normal,0.110717639070789,29.5931621969095
99,cbeam_maxabs_normal,0.117860469309978,29.3625018928284
99,cbeam_maxabs_normal,0.125003299549167,28.7308812496592
99,cbeam_maxabs_normal,0.132146129788356,28.3775799918019
99,cbeam_maxabs_normal,0.139288960027545,27.6305979909857
99,cbeam_maxabs_normal,0.146431790266734,28.4585351859561
99,cbeam_maxabs_normal,0.153574620505923,28.3159996554679
99,cbeam_maxabs_normal,0.160717450745112,28.3275044851938
99,cbeam_maxabs_normal,0.167860280984301,29.1342699975867
99,cbeam_maxabs_normal,0.17500311122349,33.4524447601958
99,cbeam_maxabs_normal,0.182145941462679,28.8939268418994
99,cbeam_maxabs_normal,0.189288771701868,28.573664096996
99,cbeam_maxabs_normal,0.196431601941057,28.6672568741525
99,cbeam_maxabs_normal,0.203574432180246,28.3681446343696
99,cbeam_maxabs_normal,0.210717262419434,32.997313559987
99,cbeam_maxabs_normal,0.217860092658623,34.1881319734827
99,cbeam_maxabs_normal,0.225002922897812,29.798026736712
99,cbeam_maxabs_normal,0.232145753137001,29.0520242758366
99,cbeam_maxabs_normal,0.23928858337619,28.6376157613122
99,cbeam_maxabs_normal,0.246431413615379,35.3697287605894
99,cbeam_maxabs_normal,0.253574243854568,28.175730330669
99,cbeam_maxabs_normal,0.260717074093757,28.3112895542181
99,cbeam_maxabs_normal,0.267859904332946,27.7082592134487
99,cbeam_maxabs_normal,0.275002734572135,35.5133450057213
99,cbeam_maxabs_normal,0.282145564811324,27.2285238610822
99,cbeam_maxabs_normal,0.289288395050513,28.6779418939567
99,cbeam_maxabs_normal,0.296431225289702,27.1583303002854
99,cbeam_maxabs_normal,0.303574055528891,36.2375252986199
99,cbeam_maxabs_normal,0.31071688576808,27.2415207981059
99,cbeam_maxabs_normal,0.317859716007269,27.1772571946477
99,cbeam_maxabs_normal,0.325002546246458,27.6872896516632
99,cbeam_maxabs_normal,0.332145376485647,28.0432186022561
99,cbeam_maxabs_normal,0.339288206724836,27.401498357947
99,cbeam_maxabs_normal,0.346431036964025,28.7552284829109
99,cbeam_maxabs_normal,0.353573867203214,29.253515231814
99,cbeam_maxabs_normal,0.360716697442403,29.2139642723083
99,cbeam_maxabs_normal,0.367859527681592,27.9600190780436
99,cbeam_maxabs_normal,0.375002357920781,28.8936955031996
99,cbeam_maxabs_normal,0.38214518815997,29.4554779039489
99,cbeam_maxabs_normal,0.389288018399159,29.0894371145239
99,cbeam_maxabs_normal,0.396430848638348,29.5776970694073
99,cbeam_maxabs_normal,0.403573678877536,29.3626937983679
99,cbeam_maxabs_normal,0.410716509116726,28.7604343679393
99,cbeam_maxabs_normal,0.417859339355915,29.5212410689715
99,cbeam_maxabs_normal,0.425002169595103,30.2437815307672
99,cbeam_maxabs_normal,0.432144999834292,28.5593817195185
99,cbeam_maxabs_normal,0.439287830073481,29.7457196510326
99,cbeam_maxabs_normal,0.44643066031267,29.2955085972454
99,cbeam_maxabs_normal,0.453573490551859,29.1326103670256
99,cbeam_maxabs_normal,0.460716320791048,29.6375999198299
99,cbeam_maxabs_normal,0.467859151030237,29.5385048888434
99,cbeam_maxabs_normal,0.475001981269426,29.1387370905332
99,cbeam_maxabs_normal,0.482144811508615,29.6333416067322
99,cbeam_maxabs_normal,0.489287641747804,29.3146688576146
99,cbeam_maxabs_normal,0.496430471986993,29.186622028643
99,cbeam_maxabs_normal,0.503573302226182,28.9718883566529
99,cbeam_maxabs_normal,0.510716132465371,28.7347927700314
99,cbeam_maxabs_normal,0.51785896270456,28.8375347171922
99,cbeam_maxabs_normal,0.525001792943749,28.6915415179036
99,cbeam_maxabs_normal,0.532144623182938,28.6588779036725
99,cbeam_maxabs_normal,0.539287453422127,28.6627712175944
99,cbeam_maxabs_normal,0.546430283661316,28.2190884792721
99,cbeam_maxabs_normal,0.553573113900505,28.3085886101867
99,cbeam_maxabs_normal,0.560715944139694,27.0787278805889
99,cbeam_maxabs_normal,0.567858774378883,26.7396797306587
99,cbeam_maxabs_normal,0.575001604618072,26.0301780801131
99,cbeam_maxabs_normal,0.582144434857261,25.9438650089297
99,cbeam_maxabs_normal,0.58928726509645,25.5667741210643
99,cbeam_maxabs_normal,0.596430095335639,23.4093906749008
99,cbeam_maxabs_normal,0.603572925574828,22.684284992372
99,cbeam_maxabs_normal,0.610715755814016,24.1362511796343
99,cbeam_maxabs_normal,0.617858586053206,26.1312509548806
99,cbeam_maxabs_normal,0.625001416292394,27.2728426494146
99,cbeam_maxabs_normal,0.632144246531583,25.9737135898296
99,cbeam_maxabs_normal,0.639287076770772,25.524588685654
99,cbeam_maxabs_normal,0.646429907009961,22.3403449428754
99,cbeam_maxabs_normal,0.65357273724915,22.0197147890431
99,cbeam_maxabs_normal,0.660715567488339,23.7703202468182
99,cbeam_maxabs_normal,0.667858397727528,22.4133999362112
99,cbeam_maxabs_normal,0.675001227966717,23.3097782573502
99,cbeam_maxabs_normal,0.682144058205906,22.8128001143331
99,cbeam_maxabs_normal,0.689286888445095,23.0629971599618
99,cbeam_maxabs_normal,0.696429718684284,23.683769280289
99,cbeam_maxabs_normal,0.703572548923473,24.0015001160695
99,cbeam_maxabs_normal,0.710715379162662,24.2536460493556
99,cbeam_maxabs_normal,0.717858209401851,23.9493282753679
99,cbeam_maxabs_normal,0.72500103964104,25.4748024246609
99,cbeam_maxabs_normal,0.732143869880229,26.0245478342887
99,cbeam_maxabs_normal,0.739286700119418,26.3835077936074
99,cbeam_maxabs_normal,0.746429530358607,26.3681068255629
99,cbeam_maxabs_normal,0.753572360597796,25.577298046013
99,cbeam_maxabs_normal,0.760715190836985,25.7217176455046
99,cbeam_maxabs_normal,0.767858021076174,24.2678565584691
99,cbeam_maxabs_normal,0.775000851315363,23.3848870183072
99,cbeam_maxabs_normal,0.782143681554552,22.4138607562635
99,cbeam_maxabs_normal,0.789286511793741,21.3086881796488
99,cbeam_maxabs_normal,0.79642934203293,21.0510451269478
99,cbeam_maxabs_normal,0.803572172272119,19.8788566625507
99,cbeam_maxabs_normal,0.810715002511308,19.645698089305
99,cbeam_maxabs_normal,0.817857832750496,18.5192546630286
99,cbeam_maxabs_normal,0.825000662989686,17.4623761626067
99,cbeam_maxabs_normal,0.832143493228874,17.2764550664571
99,cbeam_maxabs_normal,0.839286323468063,14.7146979687647
99,cbeam_maxabs_normal,0.846429153707252,15.4409869230164
99,cbeam_maxabs_normal,0.853571983946441,12.9489043035404
99,cbeam_maxabs_normal,0.86071481418563,12.9218195896843
99,cbeam_maxabs_normal,0.867857644424819,9.51601633273207
99,cbeam_maxabs_normal,0.875000474664008,9.51970513224562
99,cbeam_maxabs_normal,0.882143304903197,8.44999718658148
99,cbeam_maxabs_normal,0.889286135142386,8.14255514097485
99,cbeam_maxabs_normal,0.896428965381575,6.86962542664326
99,cbeam_maxabs_normal,0.903571795620764,7.58880898882375
99,cbeam_maxabs_normal,0.910714625859953,6.91006528677172
99,cbeam_maxabs_normal,0.917857456099142,6.52717612341387
99,cbeam_maxabs_normal,0.925000286338331,4.96420827479088
99,cbeam_maxabs_normal,0.93214311657752,5.33713570418093
99,cbeam_maxabs_normal,0.939285946816709,4.61963106410757
99,cbeam_maxabs_normal,0.946428777055898,4.70875414237537
99,cbeam_maxabs_normal,0.953571607295087,2.82450237333089
99,cbeam_maxabs_normal,0.960714437534276,4.59096467971894
99,cbeam_maxabs_normal,0.967857267773465,2.1763719434066
99,cbeam_maxabs_normal,0.975000098012654,3.222529621313
99,cbeam_maxabs_normal,0.982142928251842,1.37953919725242
99,cbeam_maxabs_normal,0.989285758491032,1.48195623043605
99,cbeam_maxabs_normal,0.996428588730221,1.10109078507137
