input_variable,input_physical,positive_hvi_fraction,mean_normalized_hvi,median_normalized_hvi,p90_normalized_hvi,p99_normalized_hvi,sampled_profile_maximum_normalized_hvi,selected_input_physical,selected_hvi_normalized,nuisance_sample_count,evaluated_count,selected_case
taper_ratio,0.2,0.19873046875,0.029100299277112853,0.0,0.09169967433850013,0.4717787729237734,0.7836565400181745,0.20001758757920526,0.3562248555302681,2048,99,100
taper_ratio,0.20500000000000002,0.14599609375,0.013815263207292231,0.0,0.02916600983575391,0.26662080613482564,0.4874785472881032,0.20001758757920526,0.3562248555302681,2048,99,100
taper_ratio,0.21000000000000002,0.09130859375,0.005308222725492629,0.0,0.0,0.15098586389656993,0.3406862328409876,0.20001758757920526,0.3562248555302681,2048,99,100
taper_ratio,0.21500000000000002,0.0439453125,0.0017190103997927852,0.0,0.0,0.06081491896369269,0.193449914648997,0.20001758757920526,0.3562248555302681,2048,99,100
taper_ratio,0.22000000000000003,0.02197265625,0.0005798276213093222,0.0,0.0,0.017121333279036834,0.15299227252292383,0.20001758757920526,0.3562248555302681,2048,99,100
taper_ratio,0.225,0.01025390625,0.00018563292587939163,0.0,0.0,0.000192240450892014,0.108052633276179,0.20001758757920526,0.3562248555302681,2048,99,100
taper_ratio,0.23,0.0029296875,7.530577026933438e-05,0.0,0.0,0.0,0.07038736499640941,0.20001758757920526,0.3562248555302681,2048,99,100
taper_ratio,0.23500000000000001,0.00244140625,3.077476980272847e-05,0.0,0.0,0.0,0.04835815638915147,0.20001758757920526,0.3562248555302681,2048,99,100
taper_ratio,0.24000000000000002,0.00048828125,1.0404121533032353e-05,0.0,0.0,0.0,0.02130764089965026,0.20001758757920526,0.3562248555302681,2048,99,100
taper_ratio,0.24500000000000002,0.0,0.0,0.0,0.0,0.0,0.0,0.20001758757920526,0.3562248555302681,2048,99,100
taper_ratio,0.25,0.0,0.0,0.0,0.0,0.0,0.0,0.20001758757920526,0.3562248555302681,2048,99,100
taper_ratio,0.255,0.0,0.0,0.0,0.0,0.0,0.0,0.20001758757920526,0.3562248555302681,2048,99,100
taper_ratio,0.26,0.0,0.0,0.0,0.0,0.0,0.0,0.20001758757920526,0.3562248555302681,2048,99,100
taper_ratio,0.265,0.0,0.0,0.0,0.0,0.0,0.0,0.20001758757920526,0.3562248555302681,2048,99,100
taper_ratio,0.27,0.0,0.0,0.0,0.0,0.0,0.0,0.20001758757920526,0.3562248555302681,2048,99,100
taper_ratio,0.275,0.0,0.0,0.0,0.0,0.0,0.0,0.20001758757920526,0.3562248555302681,2048,99,100
taper_ratio,0.28,0.0,0.0,0.0,0.0,0.0,0.0,0.20001758757920526,0.3562248555302681,2048,99,100
taper_ratio,0.28500000000000003,0.0,0.0,0.0,0.0,0.0,0.0,0.20001758757920526,0.3562248555302681,2048,99,100
taper_ratio,0.29000000000000004,0.0,0.0,0.0,0.0,0.0,0.0,0.20001758757920526,0.3562248555302681,2048,99,100
taper_ratio,0.29500000000000004,0.0,0.0,0.0,0.0,0.0,0.0,0.20001758757920526,0.3562248555302681,2048,99,100
taper_ratio,0.30000000000000004,0.0,0.0,0.0,0.0,0.0,0.0,0.20001758757920526,0.3562248555302681,2048,99,100
taper_ratio,0.30500000000000005,0.0,0.0,0.0,0.0,0.0,0.0,0.20001758757920526,0.3562248555302681,2048,99,100
taper_ratio,0.31000000000000005,0.0,0.0,0.0,0.0,0.0,0.0,0.20001758757920526,0.3562248555302681,2048,99,100
taper_ratio,0.31500000000000006,0.0,0.0,0.0,0.0,0.0,0.0,0.20001758757920526,0.3562248555302681,2048,99,100
taper_ratio,0.32000000000000006,0.0,0.0,0.0,0.0,0.0,0.0,0.20001758757920526,0.3562248555302681,2048,99,100
taper_ratio,0.32500000000000007,0.0,0.0,0.0,0.0,0.0,0.0,0.20001758757920526,0.3562248555302681,2048,99,100
taper_ratio,0.33000000000000007,0.0,0.0,0.0,0.0,0.0,0.0,0.20001758757920526,0.3562248555302681,2048,99,100
taper_ratio,0.3350000000000001,0.0,0.0,0.0,0.0,0.0,0.0,0.20001758757920526,0.3562248555302681,2048,99,100
taper_ratio,0.34,0.0,0.0,0.0,0.0,0.0,0.0,0.20001758757920526,0.3562248555302681,2048,99,100
taper_ratio,0.34500000000000003,0.0,0.0,0.0,0.0,0.0,0.0,0.20001758757920526,0.3562248555302681,2048,99,100
taper_ratio,0.35000000000000003,0.0,0.0,0.0,0.0,0.0,0.0,0.20001758757920526,0.3562248555302681,2048,99,100
taper_ratio,0.35500000000000004,0.0,0.0,0.0,0.0,0.0,0.0,0.20001758757920526,0.3562248555302681,2048,99,100
taper_ratio,0.36000000000000004,0.0,0.0,0.0,0.0,0.0,0.0,0.20001758757920526,0.3562248555302681,2048,99,100
taper_ratio,0.36500000000000005,0.0,0.0,0.0,0.0,0.0,0.0,0.20001758757920526,0.3562248555302681,2048,99,100
taper_ratio,0.37,0.0,0.0,0.0,0.0,0.0,0.0,0.20001758757920526,0.3562248555302681,2048,99,100
taper_ratio,0.37500000000000006,0.0,0.0,0.0,0.0,0.0,0.0,0.20001758757920526,0.3562248555302681,2048,99,100
taper_ratio,0.38,0.0,0.0,0.0,0.0,0.0,0.0,0.20001758757920526,0.3562248555302681,2048,99,100
taper_ratio,0.385,0.0,0.0,0.0,0.0,0.0,0.0,0.20001758757920526,0.3562248555302681,2048,99,100
taper_ratio,0.39,0.0,0.0,0.0,0.0,0.0,0.0,0.20001758757920526,0.3562248555302681,2048,99,100
taper_ratio,0.395,0.0,0.0,0.0,0.0,0.0,0.0,0.20001758757920526,0.3562248555302681,2048,99,100
taper_ratio,0.4,0.0,0.0,0.0,0.0,0.0,0.0,0.20001758757920526,0.3562248555302681,2048,99,100
taper_ratio,0.405,0.0,0.0,0.0,0.0,0.0,0.0,0.20001758757920526,0.3562248555302681,2048,99,100
taper_ratio,0.41000000000000003,0.0,0.0,0.0,0.0,0.0,0.0,0.20001758757920526,0.3562248555302681,2048,99,100
taper_ratio,0.41500000000000004,0.0,0.0,0.0,0.0,0.0,0.0,0.20001758757920526,0.3562248555302681,2048,99,100
taper_ratio,0.42000000000000004,0.0,0.0,0.0,0.0,0.0,0.0,0.20001758757920526,0.3562248555302681,2048,99,100
taper_ratio,0.42500000000000004,0.0,0.0,0.0,0.0,0.0,0.0,0.20001758757920526,0.3562248555302681,2048,99,100
taper_ratio,0.43000000000000005,0.0,0.0,0.0,0.0,0.0,0.0,0.20001758757920526,0.3562248555302681,2048,99,100
taper_ratio,0.43500000000000005,0.0,0.0,0.0,0.0,0.0,0.0,0.20001758757920526,0.3562248555302681,2048,99,100
taper_ratio,0.44000000000000006,0.0,0.0,0.0,0.0,0.0,0.0,0.20001758757920526,0.3562248555302681,2048,99,100
taper_ratio,0.44500000000000006,0.0,0.0,0.0,0.0,0.0,0.0,0.20001758757920526,0.3562248555302681,2048,99,100
taper_ratio,0.45000000000000007,0.0,0.0,0.0,0.0,0.0,0.0,0.20001758757920526,0.3562248555302681,2048,99,100
taper_ratio,0.455,0.0,0.0,0.0,0.0,0.0,0.0,0.20001758757920526,0.3562248555302681,2048,99,100
taper_ratio,0.4600000000000001,0.0,0.0,0.0,0.0,0.0,0.0,0.20001758757920526,0.3562248555302681,2048,99,100
taper_ratio,0.465,0.0,0.0,0.0,0.0,0.0,0.0,0.20001758757920526,0.3562248555302681,2048,99,100
taper_ratio,0.4700000000000001,0.0,0.0,0.0,0.0,0.0,0.0,0.20001758757920526,0.3562248555302681,2048,99,100
taper_ratio,0.47500000000000003,0.0,0.0,0.0,0.0,0.0,0.0,0.20001758757920526,0.3562248555302681,2048,99,100
taper_ratio,0.48000000000000004,0.0,0.0,0.0,0.0,0.0,0.0,0.20001758757920526,0.3562248555302681,2048,99,100
taper_ratio,0.48500000000000004,0.0,0.0,0.0,0.0,0.0,0.0,0.20001758757920526,0.3562248555302681,2048,99,100
taper_ratio,0.49000000000000005,0.0,0.0,0.0,0.0,0.0,0.0,0.20001758757920526,0.3562248555302681,2048,99,100
taper_ratio,0.49500000000000005,0.0,0.0,0.0,0.0,0.0,0.0,0.20001758757920526,0.3562248555302681,2048,99,100
taper_ratio,0.5,0.0,0.0,0.0,0.0,0.0,0.0,0.20001758757920526,0.3562248555302681,2048,99,100
taper_ratio,0.5050000000000001,0.0,0.0,0.0,0.0,0.0,0.0,0.20001758757920526,0.3562248555302681,2048,99,100
taper_ratio,0.51,0.0,0.0,0.0,0.0,0.0,0.0,0.20001758757920526,0.3562248555302681,2048,99,100
taper_ratio,0.5150000000000001,0.0,0.0,0.0,0.0,0.0,0.0,0.20001758757920526,0.3562248555302681,2048,99,100
taper_ratio,0.52,0.0,0.0,0.0,0.0,0.0,0.0,0.20001758757920526,0.3562248555302681,2048,99,100
taper_ratio,0.525,0.0,0.0,0.0,0.0,0.0,0.0,0.20001758757920526,0.3562248555302681,2048,99,100
taper_ratio,0.53,0.0,0.0,0.0,0.0,0.0,0.0,0.20001758757920526,0.3562248555302681,2048,99,100
taper_ratio,0.5350000000000001,0.0,0.0,0.0,0.0,0.0,0.0,0.20001758757920526,0.3562248555302681,2048,99,100
taper_ratio,0.54,0.0,0.0,0.0,0.0,0.0,0.0,0.20001758757920526,0.3562248555302681,2048,99,100
taper_ratio,0.545,0.0,0.0,0.0,0.0,0.0,0.0,0.20001758757920526,0.3562248555302681,2048,99,100
taper_ratio,0.55,0.0,0.0,0.0,0.0,0.0,0.0,0.20001758757920526,0.3562248555302681,2048,99,100
taper_ratio,0.555,0.0,0.0,0.0,0.0,0.0,0.0,0.20001758757920526,0.3562248555302681,2048,99,100
taper_ratio,0.56,0.0,0.0,0.0,0.0,0.0,0.0,0.20001758757920526,0.3562248555302681,2048,99,100
taper_ratio,0.5650000000000001,0.0,0.0,0.0,0.0,0.0,0.0,0.20001758757920526,0.3562248555302681,2048,99,100
taper_ratio,0.5700000000000001,0.0,0.0,0.0,0.0,0.0,0.0,0.20001758757920526,0.3562248555302681,2048,99,100
taper_ratio,0.5750000000000001,0.0,0.0,0.0,0.0,0.0,0.0,0.20001758757920526,0.3562248555302681,2048,99,100
taper_ratio,0.5800000000000001,0.0,0.0,0.0,0.0,0.0,0.0,0.20001758757920526,0.3562248555302681,2048,99,100
taper_ratio,0.5850000000000001,0.0,0.0,0.0,0.0,0.0,0.0,0.20001758757920526,0.3562248555302681,2048,99,100
taper_ratio,0.5900000000000001,0.0,0.0,0.0,0.0,0.0,0.0,0.20001758757920526,0.3562248555302681,2048,99,100
taper_ratio,0.5950000000000001,0.0,0.0,0.0,0.0,0.0,0.0,0.20001758757920526,0.3562248555302681,2048,99,100
taper_ratio,0.6000000000000001,0.0,0.0,0.0,0.0,0.0,0.0,0.20001758757920526,0.3562248555302681,2048,99,100
taper_ratio,0.6050000000000001,0.0,0.0,0.0,0.0,0.0,0.0,0.20001758757920526,0.3562248555302681,2048,99,100
taper_ratio,0.6100000000000001,0.0,0.0,0.0,0.0,0.0,0.0,0.20001758757920526,0.3562248555302681,2048,99,100
taper_ratio,0.615,0.0,0.0,0.0,0.0,0.0,0.0,0.20001758757920526,0.3562248555302681,2048,99,100
taper_ratio,0.6200000000000001,0.0,0.0,0.0,0.0,0.0,0.0,0.20001758757920526,0.3562248555302681,2048,99,100
taper_ratio,0.6250000000000001,0.0,0.0,0.0,0.0,0.0,0.0,0.20001758757920526,0.3562248555302681,2048,99,100
taper_ratio,0.6300000000000001,0.0,0.0,0.0,0.0,0.0,0.0,0.20001758757920526,0.3562248555302681,2048,99,100
taper_ratio,0.635,0.0,0.0,0.0,0.0,0.0,0.0,0.20001758757920526,0.3562248555302681,2048,99,100
taper_ratio,0.6400000000000001,0.0,0.0,0.0,0.0,0.0,0.0,0.20001758757920526,0.3562248555302681,2048,99,100
taper_ratio,0.645,0.0,0.0,0.0,0.0,0.0,0.0,0.20001758757920526,0.3562248555302681,2048,99,100
taper_ratio,0.6500000000000001,0.0,0.0,0.0,0.0,0.0,0.0,0.20001758757920526,0.3562248555302681,2048,99,100
taper_ratio,0.655,0.0,0.0,0.0,0.0,0.0,0.0,0.20001758757920526,0.3562248555302681,2048,99,100
taper_ratio,0.6600000000000001,0.0,0.0,0.0,0.0,0.0,0.0,0.20001758757920526,0.3562248555302681,2048,99,100
taper_ratio,0.665,0.0,0.0,0.0,0.0,0.0,0.0,0.20001758757920526,0.3562248555302681,2048,99,100
taper_ratio,0.6700000000000002,0.0,0.0,0.0,0.0,0.0,0.0,0.20001758757920526,0.3562248555302681,2048,99,100
taper_ratio,0.675,0.0,0.0,0.0,0.0,0.0,0.0,0.20001758757920526,0.3562248555302681,2048,99,100
taper_ratio,0.6800000000000002,0.0,0.0,0.0,0.0,0.0,0.0,0.20001758757920526,0.3562248555302681,2048,99,100
taper_ratio,0.685,0.0,0.0,0.0,0.0,0.0,0.0,0.20001758757920526,0.3562248555302681,2048,99,100
taper_ratio,0.6900000000000001,0.0,0.0,0.0,0.0,0.0,0.0,0.20001758757920526,0.3562248555302681,2048,99,100
taper_ratio,0.6950000000000001,0.0,0.0,0.0,0.0,0.0,0.0,0.20001758757920526,0.3562248555302681,2048,99,100
taper_ratio,0.7000000000000002,0.0,0.0,0.0,0.0,0.0,0.0,0.20001758757920526,0.3562248555302681,2048,99,100
taper_ratio,0.7050000000000001,0.0,0.0,0.0,0.0,0.0,0.0,0.20001758757920526,0.3562248555302681,2048,99,100
taper_ratio,0.71,0.0,0.0,0.0,0.0,0.0,0.0,0.20001758757920526,0.3562248555302681,2048,99,100
taper_ratio,0.7150000000000001,0.0,0.0,0.0,0.0,0.0,0.0,0.20001758757920526,0.3562248555302681,2048,99,100
taper_ratio,0.7200000000000002,0.0,0.0,0.0,0.0,0.0,0.0,0.20001758757920526,0.3562248555302681,2048,99,100
taper_ratio,0.7250000000000001,0.0,0.0,0.0,0.0,0.0,0.0,0.20001758757920526,0.3562248555302681,2048,99,100
taper_ratio,0.73,0.0,0.0,0.0,0.0,0.0,0.0,0.20001758757920526,0.3562248555302681,2048,99,100
taper_ratio,0.7350000000000001,0.0,0.0,0.0,0.0,0.0,0.0,0.20001758757920526,0.3562248555302681,2048,99,100
taper_ratio,0.7400000000000002,0.0,0.0,0.0,0.0,0.0,0.0,0.20001758757920526,0.3562248555302681,2048,99,100
taper_ratio,0.7450000000000001,0.0,0.0,0.0,0.0,0.0,0.0,0.20001758757920526,0.3562248555302681,2048,99,100
taper_ratio,0.75,0.0,0.0,0.0,0.0,0.0,0.0,0.20001758757920526,0.3562248555302681,2048,99,100
taper_ratio,0.7550000000000001,0.0,0.0,0.0,0.0,0.0,0.0,0.20001758757920526,0.3562248555302681,2048,99,100
taper_ratio,0.76,0.0,0.0,0.0,0.0,0.0,0.0,0.20001758757920526,0.3562248555302681,2048,99,100
taper_ratio,0.7650000000000001,0.0,0.0,0.0,0.0,0.0,0.0,0.20001758757920526,0.3562248555302681,2048,99,100
taper_ratio,0.77,0.0,0.0,0.0,0.0,0.0,0.0,0.20001758757920526,0.3562248555302681,2048,99,100
taper_ratio,0.7750000000000001,0.0,0.0,0.0,0.0,0.0,0.0,0.20001758757920526,0.3562248555302681,2048,99,100
taper_ratio,0.78,0.0,0.0,0.0,0.0,0.0,0.0,0.20001758757920526,0.3562248555302681,2048,99,100
taper_ratio,0.7850000000000001,0.0,0.0,0.0,0.0,0.0,0.0,0.20001758757920526,0.3562248555302681,2048,99,100
taper_ratio,0.79,0.0,0.0,0.0,0.0,0.0,0.0,0.20001758757920526,0.3562248555302681,2048,99,100
taper_ratio,0.7950000000000002,0.0,0.0,0.0,0.0,0.0,0.0,0.20001758757920526,0.3562248555302681,2048,99,100
taper_ratio,0.8,0.0,0.0,0.0,0.0,0.0,0.0,0.20001758757920526,0.3562248555302681,2048,99,100
