case_id,phase,box_restricted_hypervolume,normalized_hypervolume,feasible,final_pareto,phase_size,phase_feasible_count,phase_final_pareto_count,phase_feasible_share_percent,phase_final_pareto_share_percent,reference_cditrim,reference_ctrim,case30_hypervolume
1,initial_design,0.10417891331134463,0.6494325462532969,true,true,30,10,3,33.333333333333336,10.0,0.013097431856977027,51.654576136822094,0.16041529472517677
2,initial_design,0.10454697686553151,0.651726988032165,true,true,30,10,3,33.333333333333336,10.0,0.013097431856977027,51.654576136822094,0.16041529472517677
3,initial_design,0.10508320778573008,0.6550697548245538,true,false,30,10,3,33.333333333333336,10.0,0.013097431856977027,51.654576136822094,0.16041529472517677
4,initial_design,0.10508320778573008,0.6550697548245538,true,true,30,10,3,33.333333333333336,10.0,0.013097431856977027,51.654576136822094,0.16041529472517677
5,initial_design,0.10508320778573008,0.6550697548245538,false,false,30,10,3,33.333333333333336,10.0,0.013097431856977027,51.654576136822094,0.16041529472517677
6,initial_design,0.10508320778573008,0.6550697548245538,false,false,30,10,3,33.333333333333336,10.0,0.013097431856977027,51.654576136822094,0.16041529472517677
7,initial_design,0.10508320778573008,0.6550697548245538,true,false,30,10,3,33.333333333333336,10.0,0.013097431856977027,51.654576136822094,0.16041529472517677
8,initial_design,0.10508320778573008,0.6550697548245538,true,false,30,10,3,33.333333333333336,10.0,0.013097431856977027,51.654576136822094,0.16041529472517677
9,initial_design,0.10508320778573008,0.6550697548245538,false,false,30,10,3,33.333333333333336,10.0,0.013097431856977027,51.654576136822094,0.16041529472517677
10,initial_design,0.10508320778573008,0.6550697548245538,false,false,30,10,3,33.333333333333336,10.0,0.013097431856977027,51.654576136822094,0.16041529472517677
11,initial_design,0.10508320778573008,0.6550697548245538,false,false,30,10,3,33.333333333333336,10.0,0.013097431856977027,51.654576136822094,0.16041529472517677
12,initial_design,0.10508320778573008,0.6550697548245538,false,false,30,10,3,33.333333333333336,10.0,0.013097431856977027,51.654576136822094,0.16041529472517677
13,initial_design,0.10508320778573008,0.6550697548245538,false,false,30,10,3,33.333333333333336,10.0,0.013097431856977027,51.654576136822094,0.16041529472517677
14,initial_design,0.10508320778573008,0.6550697548245538,false,false,30,10,3,33.333333333333336,10.0,0.013097431856977027,51.654576136822094,0.16041529472517677
15,initial_design,0.10508320778573008,0.6550697548245538,false,false,30,10,3,33.333333333333336,10.0,0.013097431856977027,51.654576136822094,0.16041529472517677
16,initial_design,0.10508320778573008,0.6550697548245538,false,false,30,10,3,33.333333333333336,10.0,0.013097431856977027,51.654576136822094,0.16041529472517677
17,initial_design,0.10508320778573008,0.6550697548245538,true,false,30,10,3,33.333333333333336,10.0,0.013097431856977027,51.654576136822094,0.16041529472517677
18,initial_design,0.15383557808432652,0.9589832337862633,true,false,30,10,3,33.333333333333336,10.0,0.013097431856977027,51.654576136822094,0.16041529472517677
19,initial_design,0.15383557808432652,0.9589832337862633,false,false,30,10,3,33.333333333333336,10.0,0.013097431856977027,51.654576136822094,0.16041529472517677
20,initial_design,0.15383557808432652,0.9589832337862633,true,false,30,10,3,33.333333333333336,10.0,0.013097431856977027,51.654576136822094,0.16041529472517677
21,initial_design,0.15383557808432652,0.9589832337862633,false,false,30,10,3,33.333333333333336,10.0,0.013097431856977027,51.654576136822094,0.16041529472517677
22,initial_design,0.15383557808432652,0.9589832337862633,false,false,30,10,3,33.333333333333336,10.0,0.013097431856977027,51.654576136822094,0.16041529472517677
23,initial_design,0.15383557808432652,0.9589832337862633,false,false,30,10,3,33.333333333333336,10.0,0.013097431856977027,51.654576136822094,0.16041529472517677
24,initial_design,0.16041529472517677,1.0,true,false,30,10,3,33.333333333333336,10.0,0.013097431856977027,51.654576136822094,0.16041529472517677
25,initial_design,0.16041529472517677,1.0,false,false,30,10,3,33.333333333333336,10.0,0.013097431856977027,51.654576136822094,0.16041529472517677
26,initial_design,0.16041529472517677,1.0,false,false,30,10,3,33.333333333333336,10.0,0.013097431856977027,51.654576136822094,0.16041529472517677
27,initial_design,0.16041529472517677,1.0,false,false,30,10,3,33.333333333333336,10.0,0.013097431856977027,51.654576136822094,0.16041529472517677
28,initial_design,0.16041529472517677,1.0,false,false,30,10,3,33.333333333333336,10.0,0.013097431856977027,51.654576136822094,0.16041529472517677
29,initial_design,0.16041529472517677,1.0,false,false,30,10,3,33.333333333333336,10.0,0.013097431856977027,51.654576136822094,0.16041529472517677
30,initial_design,0.16041529472517677,1.0,false,false,30,10,3,33.333333333333336,10.0,0.013097431856977027,51.654576136822094,0.16041529472517677
31,adaptive_phase,0.17211664725086562,1.0729441201085943,true,true,70,60,35,85.71428571428571,50.0,0.013097431856977027,51.654576136822094,0.16041529472517677
32,adaptive_phase,0.17211664725086562,1.0729441201085943,false,false,70,60,35,85.71428571428571,50.0,0.013097431856977027,51.654576136822094,0.16041529472517677
33,adaptive_phase,0.19497399352893025,1.215432692144221,true,true,70,60,35,85.71428571428571,50.0,0.013097431856977027,51.654576136822094,0.16041529472517677
34,adaptive_phase,0.2002547461744432,1.2483519512121293,true,false,70,60,35,85.71428571428571,50.0,0.013097431856977027,51.654576136822094,0.16041529472517677
35,adaptive_phase,0.2002547461744432,1.2483519512121293,true,false,70,60,35,85.71428571428571,50.0,0.013097431856977027,51.654576136822094,0.16041529472517677
36,adaptive_phase,0.20128806999644416,1.2547935054527724,true,true,70,60,35,85.71428571428571,50.0,0.013097431856977027,51.654576136822094,0.16041529472517677
37,adaptive_phase,0.20269442227416712,1.2635604517725252,true,true,70,60,35,85.71428571428571,50.0,0.013097431856977027,51.654576136822094,0.16041529472517677
38,adaptive_phase,0.20269442227416712,1.2635604517725252,false,false,70,60,35,85.71428571428571,50.0,0.013097431856977027,51.654576136822094,0.16041529472517677
39,adaptive_phase,0.2031386830513381,1.2663298932895082,true,false,70,60,35,85.71428571428571,50.0,0.013097431856977027,51.654576136822094,0.16041529472517677
40,adaptive_phase,0.2031386830513381,1.2663298932895082,false,false,70,60,35,85.71428571428571,50.0,0.013097431856977027,51.654576136822094,0.16041529472517677
41,adaptive_phase,0.2057560471475538,1.2826460687558174,true,true,70,60,35,85.71428571428571,50.0,0.013097431856977027,51.654576136822094,0.16041529472517677
42,adaptive_phase,0.2057560471475538,1.2826460687558174,true,false,70,60,35,85.71428571428571,50.0,0.013097431856977027,51.654576136822094,0.16041529472517677
43,adaptive_phase,0.2057560471475538,1.2826460687558174,true,false,70,60,35,85.71428571428571,50.0,0.013097431856977027,51.654576136822094,0.16041529472517677
44,adaptive_phase,0.20641679346555183,1.286765042068992,true,true,70,60,35,85.71428571428571,50.0,0.013097431856977027,51.654576136822094,0.16041529472517677
45,adaptive_phase,0.2097430788186663,1.307500504724302,true,true,70,60,35,85.71428571428571,50.0,0.013097431856977027,51.654576136822094,0.16041529472517677
46,adaptive_phase,0.21352272977377248,1.3310621667315408,true,true,70,60,35,85.71428571428571,50.0,0.013097431856977027,51.654576136822094,0.16041529472517677
47,adaptive_phase,0.21618966965116213,1.3476873886716223,true,true,70,60,35,85.71428571428571,50.0,0.013097431856977027,51.654576136822094,0.16041529472517677
48,adaptive_phase,0.2171501950687704,1.3536751307959243,true,true,70,60,35,85.71428571428571,50.0,0.013097431856977027,51.654576136822094,0.16041529472517677
49,adaptive_phase,0.2171501950687704,1.3536751307959243,false,false,70,60,35,85.71428571428571,50.0,0.013097431856977027,51.654576136822094,0.16041529472517677
50,adaptive_phase,0.2171501950687704,1.3536751307959243,true,false,70,60,35,85.71428571428571,50.0,0.013097431856977027,51.654576136822094,0.16041529472517677
51,adaptive_phase,0.2171501950687704,1.3536751307959243,true,false,70,60,35,85.71428571428571,50.0,0.013097431856977027,51.654576136822094,0.16041529472517677
52,adaptive_phase,0.21717337845211895,1.3538196518242231,true,true,70,60,35,85.71428571428571,50.0,0.013097431856977027,51.654576136822094,0.16041529472517677
53,adaptive_phase,0.21717337845211895,1.3538196518242231,true,true,70,60,35,85.71428571428571,50.0,0.013097431856977027,51.654576136822094,0.16041529472517677
54,adaptive_phase,0.2182717692290728,1.3606668217205575,true,true,70,60,35,85.71428571428571,50.0,0.013097431856977027,51.654576136822094,0.16041529472517677
55,adaptive_phase,0.21862308932161478,1.3628568877809284,true,true,70,60,35,85.71428571428571,50.0,0.013097431856977027,51.654576136822094,0.16041529472517677
56,adaptive_phase,0.2195630235171514,1.3687162679425702,true,true,70,60,35,85.71428571428571,50.0,0.013097431856977027,51.654576136822094,0.16041529472517677
57,adaptive_phase,0.2206156573337928,1.3752781972052677,true,true,70,60,35,85.71428571428571,50.0,0.013097431856977027,51.654576136822094,0.16041529472517677
58,adaptive_phase,0.2206156573337928,1.3752781972052677,true,false,70,60,35,85.71428571428571,50.0,0.013097431856977027,51.654576136822094,0.16041529472517677
59,adaptive_phase,0.2206156573337928,1.3752781972052677,true,false,70,60,35,85.71428571428571,50.0,0.013097431856977027,51.654576136822094,0.16041529472517677
60,adaptive_phase,0.2206156573337928,1.3752781972052677,true,false,70,60,35,85.71428571428571,50.0,0.013097431856977027,51.654576136822094,0.16041529472517677
61,adaptive_phase,0.22135735520028677,1.379901807863869,true,true,70,60,35,85.71428571428571,50.0,0.013097431856977027,51.654576136822094,0.16041529472517677
62,adaptive_phase,0.22151366871365072,1.3808762380990391,true,true,70,60,35,85.71428571428571,50.0,0.013097431856977027,51.654576136822094,0.16041529472517677
63,adaptive_phase,0.22151366871365072,1.3808762380990391,false,false,70,60,35,85.71428571428571,50.0,0.013097431856977027,51.654576136822094,0.16041529472517677
64,adaptive_phase,0.2222777537095185,1.3856394060823465,true,true,70,60,35,85.71428571428571,50.0,0.013097431856977027,51.654576136822094,0.16041529472517677
65,adaptive_phase,0.2222777537095185,1.3856394060823465,true,true,70,60,35,85.71428571428571,50.0,0.013097431856977027,51.654576136822094,0.16041529472517677
66,adaptive_phase,0.2222777537095185,1.3856394060823465,true,false,70,60,35,85.71428571428571,50.0,0.013097431856977027,51.654576136822094,0.16041529472517677
67,adaptive_phase,0.2222777537095185,1.3856394060823465,false,false,70,60,35,85.71428571428571,50.0,0.013097431856977027,51.654576136822094,0.16041529472517677
68,adaptive_phase,0.2222777537095185,1.3856394060823465,true,false,70,60,35,85.71428571428571,50.0,0.013097431856977027,51.654576136822094,0.16041529472517677
69,adaptive_phase,0.2222777537095185,1.3856394060823465,true,false,70,60,35,85.71428571428571,50.0,0.013097431856977027,51.654576136822094,0.16041529472517677
70,adaptive_phase,0.2222777537095185,1.3856394060823465,false,false,70,60,35,85.71428571428571,50.0,0.013097431856977027,51.654576136822094,0.16041529472517677
71,adaptive_phase,0.2222777537095185,1.3856394060823465,true,false,70,60,35,85.71428571428571,50.0,0.013097431856977027,51.654576136822094,0.16041529472517677
72,adaptive_phase,0.2226415323355028,1.387907136392025,true,true,70,60,35,85.71428571428571,50.0,0.013097431856977027,51.654576136822094,0.16041529472517677
73,adaptive_phase,0.2226415323355028,1.387907136392025,false,false,70,60,35,85.71428571428571,50.0,0.013097431856977027,51.654576136822094,0.16041529472517677
74,adaptive_phase,0.2227621497947241,1.388659043867107,true,true,70,60,35,85.71428571428571,50.0,0.013097431856977027,51.654576136822094,0.16041529472517677
75,adaptive_phase,0.2227621497947241,1.388659043867107,true,false,70,60,35,85.71428571428571,50.0,0.013097431856977027,51.654576136822094,0.16041529472517677
76,adaptive_phase,0.22280079391500288,1.3888999443395023,true,false,70,60,35,85.71428571428571,50.0,0.013097431856977027,51.654576136822094,0.16041529472517677
77,adaptive_phase,0.22280079391500288,1.3888999443395023,true,false,70,60,35,85.71428571428571,50.0,0.013097431856977027,51.654576136822094,0.16041529472517677
78,adaptive_phase,0.2230900157496011,1.3907029010656282,true,true,70,60,35,85.71428571428571,50.0,0.013097431856977027,51.654576136822094,0.16041529472517677
79,adaptive_phase,0.2230900157496011,1.3907029010656282,true,false,70,60,35,85.71428571428571,50.0,0.013097431856977027,51.654576136822094,0.16041529472517677
80,adaptive_phase,0.22331076527096763,1.3920790137470576,true,true,70,60,35,85.71428571428571,50.0,0.013097431856977027,51.654576136822094,0.16041529472517677
81,adaptive_phase,0.22331076527096763,1.3920790137470576,true,false,70,60,35,85.71428571428571,50.0,0.013097431856977027,51.654576136822094,0.16041529472517677
82,adaptive_phase,0.22342586936664022,1.392796551908676,true,true,70,60,35,85.71428571428571,50.0,0.013097431856977027,51.654576136822094,0.16041529472517677
83,adaptive_phase,0.22342586936664022,1.392796551908676,false,false,70,60,35,85.71428571428571,50.0,0.013097431856977027,51.654576136822094,0.16041529472517677
84,adaptive_phase,0.22342586936664022,1.392796551908676,true,false,70,60,35,85.71428571428571,50.0,0.013097431856977027,51.654576136822094,0.16041529472517677
85,adaptive_phase,0.2236940711578419,1.394468473477384,true,true,70,60,35,85.71428571428571,50.0,0.013097431856977027,51.654576136822094,0.16041529472517677
86,adaptive_phase,0.223901227717674,1.3957598500894897,true,true,70,60,35,85.71428571428571,50.0,0.013097431856977027,51.654576136822094,0.16041529472517677
87,adaptive_phase,0.223901227717674,1.3957598500894897,true,false,70,60,35,85.71428571428571,50.0,0.013097431856977027,51.654576136822094,0.16041529472517677
88,adaptive_phase,0.2240682182434424,1.396800838893297,true,true,70,60,35,85.71428571428571,50.0,0.013097431856977027,51.654576136822094,0.16041529472517677
89,adaptive_phase,0.22423513556448638,1.3978413713520625,true,true,70,60,35,85.71428571428571,50.0,0.013097431856977027,51.654576136822094,0.16041529472517677
90,adaptive_phase,0.22445561064171393,1.3992157731982535,true,true,70,60,35,85.71428571428571,50.0,0.013097431856977027,51.654576136822094,0.16041529472517677
91,adaptive_phase,0.22445561064171393,1.3992157731982535,true,false,70,60,35,85.71428571428571,50.0,0.013097431856977027,51.654576136822094,0.16041529472517677
92,adaptive_phase,0.22445561064171393,1.3992157731982535,true,false,70,60,35,85.71428571428571,50.0,0.013097431856977027,51.654576136822094,0.16041529472517677
93,adaptive_phase,0.2246114764295686,1.400187412393392,true,true,70,60,35,85.71428571428571,50.0,0.013097431856977027,51.654576136822094,0.16041529472517677
94,adaptive_phase,0.2246114764295686,1.400187412393392,false,false,70,60,35,85.71428571428571,50.0,0.013097431856977027,51.654576136822094,0.16041529472517677
95,adaptive_phase,0.2246114764295686,1.400187412393392,true,false,70,60,35,85.71428571428571,50.0,0.013097431856977027,51.654576136822094,0.16041529472517677
96,adaptive_phase,0.22474724644375096,1.401033778161787,true,true,70,60,35,85.71428571428571,50.0,0.013097431856977027,51.654576136822094,0.16041529472517677
97,adaptive_phase,0.2250032061927931,1.4026293850487777,true,true,70,60,35,85.71428571428571,50.0,0.013097431856977027,51.654576136822094,0.16041529472517677
98,adaptive_phase,0.2250032061927931,1.4026293850487777,true,false,70,60,35,85.71428571428571,50.0,0.013097431856977027,51.654576136822094,0.16041529472517677
99,adaptive_phase,0.2250032061927931,1.4026293850487777,true,true,70,60,35,85.71428571428571,50.0,0.013097431856977027,51.654576136822094,0.16041529472517677
100,adaptive_phase,0.22513254898250276,1.4034356846596174,true,true,70,60,35,85.71428571428571,50.0,0.013097431856977027,51.654576136822094,0.16041529472517677
