Study,Case,AspectRatio,TaperRatio,LLTTrimAoA_deg,RequiredCL,ExactTrimCL,CLResidual,InterpolatedCDi,ExactTrimCDi,CDiDifference,InterpolationOverestimate_pct,MaxCLGridReproductionError,MaxCDiGridReproductionError,Ctrim_Nm,OptimizerFeasible,TorsionIncluded,StoredPareto,ExactPareto
Planform,1,6.3746277940289,0.679008578577434,4.2832980195629,0.4420085137423,0.4420085137423,-1.11022302462516e-16,0.0101735642943544,0.0100278020205359,0.000145762273818522,1.45358148794737,2.22044604925031e-16,1.38777878078145e-17,28.0301951938808,NaN,1,NaN,NaN
Planform,2,7.10993161279688,0.295933262901292,4.10024718271728,0.443373089532957,0.443373089532957,0,0.00896990593626184,0.00891597128989177,5.39346463700741e-05,0.604921714263716,1.11022302462516e-16,6.93889390390723e-18,19.9823869483244,NaN,1,NaN,NaN
Planform,3,8.7844346636451,0.587455528672493,3.87088888518788,0.441321670780092,0.441321670780092,5.55111512312578e-17,0.00733493924772248,0.00727371699657658,6.12222511458971e-05,0.841691409972532,4.44089209850063e-16,6.93889390390723e-18,63.7594576498004,NaN,1,NaN,NaN
Planform,4,11.0667479864722,0.4737287796842,3.62825054872326,0.440991736440541,0.440991736440541,5.55111512312578e-17,0.00587688901207949,0.00574346228921889,0.000133426722860592,2.32310610119351,0,0,108.578102998121,NaN,1,NaN,NaN
Planform,5,9.78164942299678,0.512190459845546,3.74876375807325,0.441202822024868,0.441202822024867,-1.66533453693773e-16,0.00660749654314368,0.00650312121707243,0.000104375326071251,1.60500354502447,4.44089209850063e-16,1.38777878078145e-17,78.9435629144713,NaN,1,NaN,NaN
Planform,6,11.8753545273848,0.768360116090147,3.60583559738412,0.440014636482774,0.440014636482774,2.22044604925031e-16,0.00571042109422764,0.00557180945096218,0.000138611643265462,2.48773122062754,4.44089209850063e-16,2.08166817117217e-17,219.434025596378,NaN,1,NaN,NaN
Planform,7,9.16954176635944,0.342391401755701,3.80537851932032,0.44211809414814,0.44211809414814,0,0.00697979756664231,0.00689369235953339,8.61052071089181e-05,1.24904336628602,3.33066907387547e-16,6.93889390390723e-18,47.0709759134151,NaN,1,NaN,NaN
Planform,8,10.7996060117371,0.729508456013336,3.68881572575571,0.440352419874737,0.440352419874737,0,0.00617967540602397,0.00605936200271772,0.000120313403306251,1.98557873340936,0,0,152.69863884876,NaN,1,NaN,NaN
Planform,9,7.80254120831389,0.228510964110416,4.0025458099112,0.443453479460131,0.443453479460131,-1.11022302462516e-16,0.00818742857086035,0.00818605905159277,1.36951926758139e-06,0.0167298972429831,1.11022302462516e-16,6.93889390390723e-18,22.4898585451418,NaN,1,NaN,NaN
Planform,10,7.45751427255456,0.424625003289057,4.0362495950443,0.442425696797913,0.442425696797913,-1.66533453693773e-16,0.00849160728872153,0.00847195769649463,1.96495922268961e-05,0.231936854866807,2.22044604925031e-16,6.93889390390723e-18,29.2978491374767,NaN,1,NaN,NaN
Planform,11,8.95222532526214,0.298846608964398,3.83479319923595,0.442477652536841,0.442477652536842,3.88578058618805e-16,0.00715212917199392,0.00707681802511012,7.53111468837992e-05,1.06419504665202,4.44089209850063e-16,1.38777878078145e-17,39.8937940016089,NaN,1,NaN,NaN
Planform,12,8.6408175216767,0.225941674473364,3.88842654359802,0.44307788282756,0.44307788282756,1.66533453693773e-16,0.00744961340176801,0.00739609363134402,5.35197704239843e-05,0.723622132055927,2.22044604925031e-16,6.93889390390723e-18,30.3328712093311,NaN,1,NaN,NaN
Planform,13,10.8384159534924,0.290505099399162,3.6488769724056,0.441815853223474,0.441815853223474,-1.11022302462516e-16,0.00597768652199274,0.00584960185125614,0.000128084670736601,2.18963057646559,0,0,70.4950599554259,NaN,1,NaN,NaN
Planform,14,12,0.219963899850845,3.57467284826776,0.441881217318692,0.441881217318692,-1.11022302462516e-16,0.00547521709867083,0.00533609350365065,0.000139123595020181,2.60721808800765,0,0,81.2146614950496,NaN,1,NaN,NaN
Planform,15,9.26184619828317,0.345563184742736,3.79501819006826,0.442064811899518,0.442064811899517,-1.66533453693773e-16,0.00691414823917738,0.00682451124726362,8.96369919137583e-05,1.31345657829635,1.11022302462516e-16,3.46944695195361e-18,48.8655214311712,NaN,1,NaN,NaN
Planform,16,7.30609738875995,0.35967486972642,4.06040055374561,0.44285321493352,0.44285321493352,-1.11022302462516e-16,0.00868159181832629,0.00864890573905928,3.26860792670067e-05,0.377921557398796,2.22044604925031e-16,6.93889390390723e-18,24.4720873318641,NaN,1,NaN,NaN
Planform,17,7.59168377227489,0.31599977584327,4.01718066588224,0.442998847256117,0.442998847256117,1.11022302462516e-16,0.00834722675749272,0.00833792155422145,9.30520327127246e-06,0.111600993254263,1.11022302462516e-16,6.93889390390723e-18,25.0730130304413,NaN,1,NaN,NaN
Planform,18,7.41182876120306,0.257661616488969,4.05590788447198,0.443456704079039,0.443456704079039,0,0.00861299337610312,0.00858289071520209,3.01026609010289e-05,0.350728698522409,2.22044604925031e-16,6.93889390390723e-18,20.7604625842786,NaN,1,NaN,NaN
Planform,19,9.02673938819886,0.345159606409472,3.82132896009553,0.442141381939038,0.442141381939038,2.77555756156289e-16,0.00708202175531368,0.00700153122389827,8.04905314154081e-05,1.14961326089171,0,0,45.0775220898383,NaN,1,NaN,NaN
Planform,20,10.127528136742,0.208048738558721,3.73206276659207,0.442552037411301,0.442552037411301,5.55111512312578e-17,0.00644157565853256,0.00633430240799691,0.000107273250535654,1.69352903644486,0,0,47.1035637830894,NaN,1,NaN,NaN
Planform,21,6.96496329257454,0.61889095565218,4.15097689897368,0.441970669230265,0.441970669230265,-5.55111512312578e-17,0.0092361157209644,0.00915604006578117,8.00756551832312e-05,0.8745664567644,0,0,33.2487689708691,NaN,1,NaN,NaN
Planform,22,7.02771570596623,0.562900365385606,4.1272838867429,0.442047897688262,0.442047897688262,5.55111512312578e-17,0.00910654707456363,0.00903852533112477,6.8021743438864e-05,0.752575679625818,0,0,31.2406367529981,NaN,1,NaN,NaN
Planform,23,9.63016376500788,0.270639134496506,3.76434275666979,0.442324375695447,0.442324375695447,-5.55111512312578e-17,0.00669262103323749,0.00659372247806529,9.88985551721991e-05,1.49988956164284,2.22044604925031e-16,1.38777878078145e-17,46.9137038300064,NaN,1,NaN,NaN
Planform,24,6.91938987700087,0.673459676346615,4.17092007129727,0.441766573373575,0.441766573373575,1.66533453693773e-16,0.00934071906584255,0.00925069537357339,9.0023692269162e-05,0.973155948106713,0,0,35.4002992634088,NaN,1,NaN,NaN
Planform,25,6.44167072780609,0.626548905715014,4.25607078212541,0.442106507969708,0.442106507969708,-5.55111512312578e-17,0.0100215115538145,0.00988834116033994,0.000133170393474574,1.34674149399995,0,0,26.7223661227938,NaN,1,NaN,NaN
Planform,26,8.97526578653001,0.374669960132128,3.82643539673479,0.442025587106524,0.442025587106525,1.11022302462516e-16,0.00711812431673343,0.00703939760913265,7.87267076007864e-05,1.1183727922777,2.22044604925031e-16,6.93889390390723e-18,46.9950149082609,NaN,1,NaN,NaN
Planform,27,8.38759548233562,0.267129262027628,3.9101352423475,0.442906844463311,0.442906844463311,-5.55111512312578e-17,0.00761916818785677,0.00757485153490247,4.43166529542982e-05,0.585049789426254,4.44089209850063e-16,2.08166817117217e-17,30.4270368903815,NaN,1,NaN,NaN
Planform,28,8.72429848273285,0.306596114958846,3.86117554186172,0.442534269351648,0.442534269351648,-5.55111512312578e-17,0.00732341533611664,0.00725823776223695,6.51775738796951e-05,0.897980694691486,0,0,37.4627049924197,NaN,1,NaN,NaN
Planform,29,8.37576415644839,0.43022589014228,3.90224864634739,0.442002934718824,0.442002934718824,-5.55111512312578e-17,0.00759541042548259,0.00754728769025569,4.81227352268987e-05,0.637616282853906,2.22044604925031e-16,6.93889390390723e-18,42.0631998967444,NaN,1,NaN,NaN
Planform,30,8.73128610331681,0.354351022400234,3.85614522862769,0.442232077283363,0.442232077283363,-1.11022302462516e-16,0.00730476763216352,0.00723740959080694,6.73580413565822e-05,0.930692681013126,0,0,41.4318442648647,NaN,1,NaN,NaN
Planform,31,9.04599138574513,0.281014887789985,3.82632229189349,0.442523034303793,0.442523034303793,2.22044604925031e-16,0.00709134354545484,0.00701301556996484,7.83279754899956e-05,1.11689436175583,4.44089209850063e-16,6.93889390390723e-18,39.6304073960954,NaN,1,NaN,NaN
Planform,32,8.53643282364385,0.332830846492949,3.88126279046883,0.442396220003682,0.442396220003682,1.11022302462516e-16,0.00746298246966837,0.0074059049519094,5.70775177589694e-05,0.770702812547622,4.44089209850063e-16,1.38777878078145e-17,36.9656098772145,NaN,1,NaN,NaN
Planform,33,6.64655931597592,0.586609478967796,4.20582437775574,0.442193059697416,0.442193059697416,-5.55111512312578e-17,0.00967443212972251,0.0095660147255176,0.000108417404204903,1.13336020606049,0,0,27.5492103133897,NaN,1,NaN,NaN
Planform,34,6.73511043709973,0.644445825533102,4.20008774883762,0.44194618170528,0.44194618170528,-1.11022302462516e-16,0.00958308803931894,0.0094780124440877,0.000105075595231239,1.10862478658998,4.44089209850063e-16,2.08166817117217e-17,31.317049353867,NaN,1,NaN,NaN
Planform,35,8.97396023879836,0.287424325474311,3.83355378505847,0.442508985217065,0.442508985217065,-5.55111512312578e-17,0.00714087935521433,0.00706516022866686,7.5719126547468e-05,1.0717255390789,4.44089209850063e-16,1.38777878078145e-17,39.2086321824781,NaN,1,NaN,NaN
Planform,36,9.39332204360386,0.271309002940798,3.78944001800869,0.442440448532256,0.442440448532256,1.66533453693773e-16,0.00685128821460015,0.00676030787572867,9.09803388714709e-05,1.34580170820496,2.22044604925031e-16,6.93889390390723e-18,43.5356856348569,NaN,1,NaN,NaN
Planform,37,8.34480495872869,0.35179651929685,3.9057031263935,0.442432665471552,0.442432665471552,5.55111512312578e-17,0.00762014491373295,0.0075736105502672,4.65343634657462e-05,0.614427731091935,0,0,35.7987523248865,NaN,1,NaN,NaN
Planform,38,9.49044385433887,0.245073327781906,3.78533476574915,0.442598342848304,0.442598342848304,0,0.00680630560929109,0.00671429362909547,9.20119801956117e-05,1.3703895789855,0,0,42.2845448566173,NaN,1,NaN,NaN
Planform,39,9.57792006398733,0.262213284572663,3.77182968576566,0.442439640623145,0.442439640623145,5.55111512312578e-17,0.00673382765855486,0.00663733289637639,9.64947621784756e-05,1.45381832861143,0,0,45.2672657238205,NaN,1,NaN,NaN
Planform,40,9.68468182261068,0.242726471278162,3.7653500532238,0.442509582301771,0.442509582301771,0,0.00667956677742375,0.00658131719087271,9.82495865510394e-05,1.4928559694296,0,0,44.7495003937102,NaN,1,NaN,NaN
Planform,41,6.92701940912586,0.200539170797553,4.16143062835667,0.444243707041735,0.444243707041735,0,0.00935636278368925,0.00927095973984648,8.5403043842764e-05,0.921188811506781,0,0,15.1433784727457,1,1,NaN,NaN
Planform,42,9.12379612964282,0.202602438647591,3.83887895773947,0.443024318693467,0.443024318693467,1.11022302462516e-16,0.00711103147732479,0.00703806661059463,7.29648667301625e-05,1.03671747892136,0,0,33.8083054715854,1,1,NaN,NaN
Planform,43,8.89646007378252,0.201812319383769,3.86584366324853,0.443140666719439,0.443140666719439,5.55111512312578e-17,0.00728152106343863,0.00721894620739052,6.25748560481093e-05,0.866814272477155,0,0,31.2400454306745,1,1,NaN,NaN
Planform,44,8.05033077947444,0.208671812481845,3.97371954909234,0.443512873815676,0.443512873815676,1.11022302462516e-16,0.00797831930595441,0.0079645844092475,1.37348967069097e-05,0.172449634546687,2.22044604925031e-16,1.38777878078145e-17,23.4592504132643,1,1,NaN,NaN
Planform,45,6.52218344478104,0.208471495333613,4.23933478816949,0.444495169962789,0.444495169962789,-5.55111512312578e-17,0.00995879173347664,0.00983368386042229,0.000125107873054347,1.27223810354398,0,0,13.023569374114,1,1,NaN,NaN
Planform,46,7.26181356706726,0.20205971518308,4.10026495083997,0.444015045801153,0.444015045801153,-5.55111512312578e-17,0.00889412847838583,0.00884069681884492,5.34316595409059e-05,0.604382896911592,0,0,17.3390856921619,1,1,NaN,NaN
Planform,47,8.30494448134839,0.203959379723835,3.93988277931571,0.443387624225035,0.443387624225035,5.55111512312578e-17,0.00775772882514068,0.00772738745787017,3.03413672705123e-05,0.392647158382234,0,0,25.4561193569683,1,1,NaN,NaN
Planform,48,9.35592267891063,0.204521740768349,3.81271722209467,0.442946915885879,0.442946915885879,-1.66533453693773e-16,0.00694454370891052,0.0068621929075065,8.2350801404024e-05,1.20006538017812,0,0,36.6715243416041,1,1,NaN,NaN
Planform,49,6.29268342897985,0.319204613320906,4.26032157113473,0.443755866733544,0.443755866733544,0,0.0102032501008259,0.0100664884507794,0.000136761650046509,1.35858348931915,2.22044604925031e-16,6.93889390390723e-18,14.7771375543385,1,1,NaN,NaN
Planform,50,8.5146927399645,0.200064886896863,3.91365559460647,0.443306581569538,0.443306581569539,2.22044604925031e-16,0.00758609086492533,0.00754370764825803,4.23832166673022e-05,0.561835355285662,0,0,27.2171557972065,1,1,NaN,NaN
Multi-input,1,6,0.2,4.2735080897638,0.438329038414357,0.438329038414357,1.11022302462516e-16,0.0105378436035575,0.010391444515788,0.000146399087769452,1.40884251026913,0,0,10.9531417666014,1,1,1,1
Multi-input,2,6,0.2,4.28083238702898,0.438858180441234,0.438858180441234,-1.11022302462516e-16,0.0105664340682628,0.0104167917180533,0.000149642350209483,1.43654931633257,0,0,10.8077194529873,1,1,1,1
Multi-input,3,6,0.2,4.78519126896614,0.476606003356153,0.476606003356153,-2.22044604925031e-16,0.0125809896122393,0.0122861315183159,0.000294858093923447,2.39992623783882,0,0,9.76940214710758,1,1,0,0
Multi-input,4,6,0.2,4.91426825667544,0.48628756042943,0.48628756042943,0,0.013097431856977,0.0127906655180787,0.000306766338898359,2.39836104278364,0,0,9.3272810223876,1,1,1,1
Multi-input,5,6,0.8,4.34482009674687,0.437292051522198,0.437292051522198,-1.11022302462516e-16,0.0106875843534533,0.0105117628058278,0.000175821547625547,1.67261715159774,0,0,30.2506673067861,0,1,0,0
Multi-input,6,6,0.8,4.35077569366549,0.437760521183154,0.437760521183154,-5.55111512312578e-17,0.0107126209463902,0.010534448048261,0.000178172898129268,1.69133586603696,0,0,29.8765094175774,0,1,0,0
Multi-input,7,6,0.8,4.64675419278754,0.460022306322676,0.460022306322676,0,0.0119050614192452,0.0116357133920586,0.000269348027186617,2.31483896269263,0,0,26.9474169271223,1,1,0,0
Multi-input,8,6,0.8,4.77007874807023,0.469213859343815,0.469213859343815,0,0.0123970690793974,0.0121056221725979,0.000291446906799489,2.40753348026344,0,0,25.8840656708677,1,1,0,0
Multi-input,9,12,0.2,3.53042124145857,0.437355693469066,0.437355693469066,-1.11022302462516e-16,0.00539931178779691,0.00524982955761407,0.000149482230182842,2.8473730154923,0,0,79.8240488011263,0,1,0,0
Multi-input,10,12,0.2,3.53419448250663,0.437749218943769,0.437749218943769,-1.66533453693773e-16,0.00540769575178986,0.00525903176819899,0.000148663983590869,2.82683182272885,0,0,79.5125092235794,0,1,0,0
Multi-input,11,12,0.2,3.8421524349076,0.464583278219066,0.464583278219066,1.66533453693773e-16,0.00598117340937695,0.0059207798635943,6.0393545782654e-05,1.02002687439879,0,0,77.3272538872847,0,1,0,0
Multi-input,12,12,0.2,3.92825865958117,0.471944942180832,0.471944942180832,0,0.00613887306837368,0.00611014907589097,2.87239924827111e-05,0.470102973363585,0,0,74.5607891357604,0,1,0,0
Multi-input,13,12,0.8,3.58284740855337,0.436695709401776,0.436695709401776,-5.55111512312578e-17,0.00560289401233675,0.00545930874697733,0.000143585265359424,2.63009974365205,0,0,246.234664477194,0,1,0,0
Multi-input,14,12,0.8,3.5851967868599,0.437045214301101,0.437045214301101,5.55111512312578e-17,0.0056115564352737,0.00546858212807811,0.000142974307195595,2.61446758679004,0,0,245.244993678357,0,1,0,0
Multi-input,15,12,0.8,3.76676306814996,0.454679973953535,0.454679973953535,0,0.0060179252902495,0.00592773558065545,9.01897095940563e-05,1.52148671894848,0,0,235.277331949014,0,1,0,0
Multi-input,16,12,0.8,3.85188234217231,0.462073024970581,0.462073024970581,5.55111512312578e-17,0.00618343151733053,0.0061234019266717,6.00295906588322e-05,0.980330727554586,0,0,226.552510248876,0,1,0,0
Multi-input,17,10.4034424606333,0.223869741267448,3.81877689913525,0.451967438927466,0.451967438927466,0,0.00649192346984951,0.00641722858959055,7.46948802589622e-05,1.16397412397192,2.22044604925031e-16,1.38777878078145e-17,51.6545761368221,1,1,0,0
Multi-input,18,8.2322701288741,0.287900190134212,4.14805144525418,0.460435096668266,0.460435096668266,5.55111512312578e-17,0.00839811576318118,0.00832676040488173,7.1355358299453e-05,0.856940212397843,2.22044604925031e-16,6.93889390390723e-18,28.8701970309152,1,1,0,0
Multi-input,19,11.702297809981,0.598728696447524,3.58573006619692,0.439876945377504,0.439876945377504,5.55111512312578e-17,0.00563901199744712,0.00549708378090561,0.000141928216541512,2.58188199776955,0,0,161.314364863475,0,1,0,0
Multi-input,20,6.45194918476187,0.439719649267973,4.51908320322512,0.465258076077034,0.465258076077034,-5.55111512312578e-17,0.0110374709638721,0.0108089756003982,0.000228495363473928,2.11394096833294,0,0,18.3280449285028,1,1,0,0
Multi-input,21,8.11800072577512,0.698603634557141,4.11137707786082,0.451584177672257,0.451584177672257,0,0.00837173795226374,0.00831596515478826,5.57727974754806e-05,0.670671370518755,0,0,56.7817759509469,0,1,0,0
Multi-input,22,9.33172562503914,0.553176127046963,4.01342131941591,0.458902046489568,0.458902046489568,5.55111512312578e-17,0.00740067205762237,0.00739415259941047,6.51945821189288e-06,0.0881704579969402,0,0,72.0110258071845,0,1,0,0
Multi-input,23,11.1406833735304,0.719603002448294,3.63795256825153,0.438329494579722,0.438329494579721,-1.11022302462516e-16,0.00595375100122469,0.00582047149009252,0.000133279511132171,2.28984045981562,0,0,168.966677048995,0,1,0,0
Multi-input,24,7.198023832553,0.384802222815527,4.16283340214259,0.449298378083014,0.449298378083014,5.55111512312578e-17,0.00912075558974598,0.00903669423984843,8.406134989755e-05,0.930222354175391,0,0,24.2270721320226,1,1,0,0
Multi-input,25,10.0490423099991,0.370645763662115,3.88446661171111,0.455739281512792,0.455739281512792,-2.77555756156289e-16,0.00674791218164148,0.00669751400254779,5.03981790936836e-05,0.752490835771477,0,0,62.4847001287051,0,1,0,0
Multi-input,26,8.61850710412118,0.758448562282204,4.19929471649015,0.463157582432359,0.463157582432359,1.66533453693773e-16,0.0084174545600479,0.008324827345751,9.26272142968941e-05,1.11266228655386,0,0,76.4919182965922,0,1,0,0
Multi-input,27,6.08453052748098,0.508808289578874,4.25710107328249,0.438377054244617,0.438377054244617,-2.77555756156289e-16,0.0103344246146673,0.0101968879300785,0.000137536684588761,1.34881039717088,2.22044604925031e-16,6.93889390390723e-18,19.9624225396318,0,1,0,0
Multi-input,28,9.54355370933676,0.483955615400611,3.80998938877141,0.444548382271182,0.444548382271182,0,0.0068277571029933,0.0067451340984174,8.26230045759e-05,1.22492753102248,0,0,68.1777085398127,0,1,0,0
Multi-input,29,7.3875151590941,0.643415498457337,4.12679352462268,0.445157219245503,0.445157219245503,-1.66533453693773e-16,0.0088604802553774,0.00879441331207384,6.60669433035638e-05,0.751237643253138,0,0,40.0100911955149,0,1,0,0
Multi-input,30,11.1915732821967,0.285575835630773,3.85219203641593,0.461494204426721,0.461494204426721,0,0.00624487864221844,0.00618562526414754,5.92533780708945e-05,0.957920590733689,0,0,74.8644926918264,0,1,0,0
Multi-input,31,7.09940627989027,0.200034342332062,4.12298660474577,0.443605759300781,0.443605759300781,0,0.00909073854449973,0.00902517515413113,6.55633903686031e-05,0.726450060513148,2.22044604925031e-16,6.93889390390723e-18,16.2373414879715,1,1,1,1
Multi-input,32,6.69347004262753,0.2696518311726,4.11390088831559,0.438436487080149,0.438436487080149,0,0.00932989220286785,0.00926698658651893,6.29056163489131e-05,0.678814151305933,2.22044604925031e-16,6.93889390390723e-18,16.9536920429801,0,1,0,0
Multi-input,33,9.22711211631034,0.200031649622706,3.82201348380323,0.442456296786861,0.442456296786861,-5.55111512312578e-17,0.00702601559219809,0.00694668358102055,7.93320111775421e-05,1.14201273531862,0,0,34.995919020201,1,1,1,1
Multi-input,34,8.59154010278483,0.200016041057346,4.04270773261602,0.454409632644971,0.454409632644971,2.22044604925031e-16,0.00787853358965881,0.00785723503592167,2.12985537371355e-05,0.271069321965842,0,0,27.1395188221288,1,1,0,0
Multi-input,35,7.77353405081505,0.200005056882641,4.37214356079287,0.471703209569843,0.471703209569843,-2.22044604925031e-16,0.00950087477335609,0.00933761139272454,0.000163263380631551,1.7484490815152,2.22044604925031e-16,2.08166817117217e-17,20.5683027747277,1,1,0,0
Multi-input,36,6.36725485806803,0.200035493984028,4.29385788846001,0.445973951642591,0.445973951642591,0,0.0102990511327392,0.0101483546144723,0.000150696518266956,1.48493547961018,0,0,11.9100533684582,1,1,1,1
Multi-input,37,6.68676975911999,0.20006094029522,4.12740994857684,0.438193543746007,0.438193543746007,-5.55111512312578e-17,0.00940848702001345,0.0093384724480757,7.00145719377526e-05,0.749743304668419,0,0,14.6581713219758,1,1,1,1
Multi-input,38,8.09046724003104,0.200048677116826,3.90290209982485,0.438048163953279,0.43804816395328,3.33066907387547e-16,0.00779299990103129,0.0077441483657521,4.88515352791855e-05,0.630818690086409,2.22044604925031e-16,1.38777878078145e-17,24.6339906311936,0,1,0,0
Multi-input,39,6.00070686031875,0.230904790649949,4.46311711624095,0.453182724803835,0.453182724803835,-1.66533453693773e-16,0.0112830304585407,0.0110628941755002,0.000220136283040438,1.98986159994144,0,0,10.4654430601556,1,1,0,0
Multi-input,40,6.00029682439867,0.310301673628649,4.25141036324703,0.438158667207029,0.438158667207028,-2.77555756156289e-16,0.0104247701566133,0.0102886316546041,0.000136138502009208,1.32319346808656,0,0,13.7534125018372,0,1,0,0
Multi-input,41,7.35440542439297,0.200004143435399,4.0938245277773,0.444618313271894,0.444618313271894,5.55111512312578e-17,0.00880834435973642,0.00875852659493525,4.98177648011605e-05,0.568791614219318,0,0,17.8710415041225,1,1,1,1
Multi-input,42,7.53033342131771,0.200020517747877,4.26670542339581,0.460364396575853,0.460364396575853,5.55111512312578e-17,0.00930231514101728,0.00917539548811673,0.000126919652900551,1.38326084216127,0,0,18.756880813362,1,1,0,0
Multi-input,43,6.45568575377485,0.200033711361196,4.67016605199022,0.476031582275585,0.476031582275585,1.11022302462516e-16,0.0116733766303351,0.0114078626610408,0.000265513969294296,2.32746463718447,0,0,11.8554218778133,1,1,0,0
Multi-input,44,6.00045148795977,0.200025054855139,4.35074750196497,0.444083568742796,0.444083568742796,-1.11022302462516e-16,0.0108444081765116,0.0106652564952475,0.000179151681264105,1.67976908332149,0,0,10.1714077474519,1,1,1,1
Multi-input,45,9.94158112598931,0.200010235278443,3.78264281107132,0.445085229032498,0.445085229032498,0,0.00662532715202383,0.0065347557233644,9.05714286594302e-05,1.38599562850683,0,0,43.3531503415886,1,1,1,1
Multi-input,46,7.80311832219393,0.200027992609583,3.9836783276747,0.44133672812995,0.44133672812995,5.55111512312578e-17,0.0081522930020209,0.00814356148716005,8.73151486084633e-06,0.107219855521608,0,0,21.3783068214898,1,1,1,1
Multi-input,47,8.50971666500695,0.200002401242647,3.88034229166643,0.440590855176988,0.440590855176987,-2.77555756156289e-16,0.00751380601337767,0.00745604274869551,5.77632646821613e-05,0.774717455747789,4.44089209850063e-16,1.38777878078145e-17,27.6837768877566,1,1,1,1
Multi-input,48,10.2411740784092,0.200000002012014,3.71777946010338,0.442016408777566,0.442016408777566,-5.55111512312578e-17,0.00637185861048152,0.00626049604784151,0.000111362562640007,1.77881372001508,0,0,47.8650509682799,1,1,1,1
Multi-input,49,9.53154620660881,0.200017346706084,3.74159676696717,0.438396598384694,0.438396598384694,-1.11022302462516e-16,0.00671532522629085,0.0066072693577273,0.000108055868563552,1.63540886125944,0,0,39.7929092337536,0,1,0,0
Multi-input,50,6.00001604670084,0.363626427163867,4.5289078311221,0.458890226326338,0.458890226326338,5.55111512312578e-17,0.0115183093542539,0.0112780596883543,0.000240249665899668,2.13023935444987,0,0,13.480985770103,1,1,0,0
Multi-input,51,6.66702564401554,0.232687458414914,4.46302147761736,0.464336548346796,0.464336548346796,1.11022302462516e-16,0.0106781682996011,0.0104697540346959,0.000208414264905209,1.99063191183424,0,0,14.3089868812042,1,1,0,0
Multi-input,52,6.0000313555495,0.200024740971887,4.28555913678411,0.43921935408842,0.43921935408842,5.55111512312578e-17,0.0105854511830806,0.0104337141684634,0.000151737014617256,1.45429529856101,2.22044604925031e-16,1.38777878078145e-17,10.7181934547071,1,1,1,1
Multi-input,53,10.579905329405,0.200009255962654,3.71091993060944,0.443827635089525,0.443827635089525,0,0.00622536995552582,0.00611409135904763,0.000111278596478194,1.82003489878385,0,0,52.6060142320063,1,1,1,1
Multi-input,54,9.52650531064775,0.200010364421388,3.77169511271722,0.440856609306581,0.440856609306581,-5.55111512312578e-17,0.00678167140901004,0.00668457432158462,9.70970874254202e-05,1.45255453457809,2.22044604925031e-16,1.38777878078145e-17,38.8578897521087,1,1,1,1
Multi-input,55,6.02951656884675,0.200005279853716,4.52567987909306,0.457664766890472,0.457664766890472,-1.66533453693773e-16,0.0115136218232864,0.0112744363338368,0.00023918548944965,2.12148512233652,4.44089209850063e-16,2.08166817117217e-17,9.84226150922168,1,1,1,1
Multi-input,56,8.01423296221865,0.20016145251409,3.92463876161423,0.438993714444215,0.438993714444215,-5.55111512312578e-17,0.00788826646171449,0.00784971709027916,3.8549371435331e-05,0.491092494060318,0,0,23.5795199127546,1,1,1,1
Multi-input,57,8.81015432357262,0.20003181641461,3.82816293278742,0.439233635285193,0.439233635285193,-1.11022302462516e-16,0.00724205761981466,0.00716300900050976,7.90486193048999e-05,1.10356722013436,0,0,31.1223586180958,1,1,1,1
Multi-input,58,6.00013550303229,0.294000222760719,4.62576010998183,0.466141473002351,0.466141473002351,-5.55111512312578e-17,0.0119181295295904,0.011652549600218,0.000265579929372324,2.27915725299599,0,0,11.8478395485027,1,1,0,0
Multi-input,59,6.05657143523867,0.542202228639189,4.63770898605337,0.465860290828145,0.465860290828145,0,0.01185686326061,0.0115904863880924,0.000266376872517658,2.29823722317057,0,0,18.0908434008395,1,1,0,0
Multi-input,60,6.00000107617997,0.341095855877507,4.80847236976494,0.479964797769212,0.479964797769212,1.11022302462516e-16,0.0126363683240499,0.0123391859860883,0.000297182337961581,2.40844362259096,0,0,12.126759909406,1,1,0,0
Multi-input,61,6.48525029921177,0.200036359114137,4.17486343202547,0.438800056141293,0.438800056141293,0,0.00974467392064585,0.00964954528986229,9.51286307835641e-05,0.985835372818088,0,0,13.3202774650237,1,1,1,1
Multi-input,62,6.00013196775245,0.200051841742386,4.6444203743471,0.46604008419192,0.46604008419192,0,0.0120171800870276,0.0117470356735131,0.000270144413514485,2.29968156241833,0,0,9.66272820848626,1,1,1,1
Multi-input,63,9.95441296079045,0.200053870057809,3.70758309280652,0.438946927970964,0.438946927970964,-5.55111512312578e-17,0.00646498161827358,0.00634822079378598,0.000116760824487598,1.83926848609125,0,0,45.0025956547625,0,1,0,0
Multi-input,64,7.48669384144739,0.200010195282354,3.99798967372878,0.438753696793063,0.438753696793063,0,0.00838278869492467,0.00838167961169626,1.10908322841635e-06,0.0132322312447815,0,0,19.5828072921725,1,1,1,1
Multi-input,65,10.6320151933208,0.200019836147385,3.65774451328536,0.439783733247122,0.439783733247122,-2.77555756156289e-16,0.00610188148552854,0.00597449255466736,0.00012738893086118,2.13221340047803,2.22044604925031e-16,1.38777878078145e-17,53.9161801689085,1,1,1,1
Multi-input,66,10.8623898840737,0.200151838833892,3.71007301022941,0.445702420574072,0.445702420574072,0,0.00611830859531984,0.00600861700474874,0.000109691590571099,1.82557135001961,0,0,56.5989913983944,1,1,0,0
Multi-input,67,9.30157224606008,0.200000401410577,3.76803457745303,0.438671824546637,0.438671824546637,0,0.00687534589578255,0.00677541409208124,9.99318037013079e-05,1.47491802483487,0,0,36.8814385140993,0,1,0,0
Multi-input,68,8.46713667079854,0.396023713546018,4.00400876361127,0.451216006753091,0.451216006753091,1.11022302462516e-16,0.00777362513937465,0.00777157377933397,2.05136004067814e-06,0.0263956837948715,3.33066907387547e-16,1.38777878078145e-17,39.0487225257043,1,1,0,0
Multi-input,69,6.00023724968939,0.668889120219879,4.63163423532958,0.46181612205027,0.46181612205027,-5.55111512312578e-17,0.0118634198790491,0.0115974253951163,0.000265994483932783,2.29356494972404,0,0,21.5625948540832,1,1,0,0
Multi-input,70,10.9662450735107,0.200000944825806,3.67339300642746,0.443323541626537,0.443323541626537,0,0.0060100778132093,0.00588982350603627,0.000120254307173031,2.04173023265955,0,0,58.7038021337768,0,1,0,0
Multi-input,71,6.00000015392775,0.480938984793716,4.60181823537739,0.463127894958839,0.463127894958839,-1.11022302462516e-16,0.0117821249478293,0.0115227355084183,0.000259389439411001,2.25110989679053,0,0,15.942735168001,1,1,0,0
Multi-input,72,8.32162229352483,0.200004744693895,3.91615105270865,0.441544141114832,0.441544141114832,0,0.00769561750783295,0.00765384779512253,4.1769712710419e-05,0.545734822908773,2.22044604925031e-16,6.93889390390723e-18,25.7679823159924,1,1,1,1
Multi-input,73,10.9064960074516,0.200035198148217,3.63356097811839,0.43960120980984,0.43960120980984,-1.66533453693773e-16,0.0059549343136998,0.00582263947544618,0.000132294838253614,2.27207675851297,0,0,58.7328901579801,0,1,0,0
Multi-input,74,6.00001327153571,0.200016198372747,4.74810484520576,0.473821680267429,0.473821680267429,-1.11022302462516e-16,0.012432666140079,0.0121431064410146,0.000289559699064322,2.38456033034762,0,0,9.48128464700996,1,1,1,1
Multi-input,75,6.00048207117169,0.408522338857977,4.66476472828937,0.468762478811957,0.468762478811956,-1.11022302462516e-16,0.0120480384274716,0.011774311125957,0.000273727301514615,2.32478400295684,0,0,14.2511712951109,1,1,0,0
Multi-input,76,6.60751630652067,0.200042364919321,4.2598202428436,0.447114620283084,0.447114620283084,-5.55111512312578e-17,0.00996998087823248,0.0098366738431807,0.000133307035051775,1.35520438287369,0,0,13.2028432097255,1,1,0,0
Multi-input,77,6.00014624956006,0.200030399086031,4.52305625284945,0.456938826195315,0.456938826195315,1.66533453693773e-16,0.0115314332796275,0.0112924411912009,0.00023899208842651,2.11638993181326,0,0,9.87403183714366,1,1,0,0
Multi-input,78,10.0143163473165,0.200133658106082,3.75374831248872,0.443265446068787,0.443265446068787,1.66533453693773e-16,0.00653576026121413,0.00643522896514616,0.000100531296067969,1.56220231809088,2.22044604925031e-16,6.93889390390723e-18,44.635935477236,1,1,1,1
Multi-input,79,6.94503296508838,0.470542264535141,4.37155799320254,0.461083801930702,0.461083801930702,0,0.0100617773775955,0.00988867162672243,0.0001731057508731,1.75054605317575,0,0,24.1760834805581,1,1,0,0
Multi-input,80,7.24079286585473,0.200020886680787,4.03372992532687,0.438482103435328,0.438482103435328,0,0.00866838218165319,0.00864973174993576,1.8650431717426e-05,0.215618614040423,0,0,18.0055989035228,1,1,1,1
Multi-input,81,10.7751284203081,0.200008935351622,3.71830287165294,0.445827038093073,0.445827038093073,1.66533453693773e-16,0.00616751396214875,0.00605985725706771,0.00010765670508104,1.776555131814,0,0,54.956404439221,1,1,0,0
Multi-input,82,6.49614352889202,0.200021554561489,4.20068119106295,0.44094170968342,0.440941709683419,-1.11022302462516e-16,0.00983520377480284,0.00972770374959775,0.000107500025205086,1.10509147864964,0,0,12.9888145099788,1,1,1,1
Multi-input,83,8.603253188037,0.200042111828677,3.83981921736998,0.438162882539479,0.438162882539479,-1.11022302462516e-16,0.00737136712670208,0.00729616805991202,7.51990667900672e-05,1.03066522279332,0,0,29.4864881464283,0,1,0,0
Multi-input,84,6.00041715568438,0.263188662271642,4.6949365081425,0.471092876739587,0.471092876739587,1.11022302462516e-16,0.0122017951305593,0.0119216420262405,0.000280153104318743,2.34995400551453,0,0,10.9479780373719,1,1,0,0
Multi-input,85,9.70769185776752,0.200024959635606,3.74961244937671,0.440509837667833,0.440509837667833,0,0.0066561521095969,0.00655217273297648,0.000103979376620418,1.58694498539544,0,0,41.2164128641202,1,1,1,1
Multi-input,86,7.11127414213898,0.20011039007052,4.07039990070375,0.439681408545647,0.439681408545647,-5.55111512312578e-17,0.00889029325007652,0.00885172419426922,3.85690558073089e-05,0.435723650679031,4.44089209850063e-16,1.38777878078145e-17,16.837559723329,1,1,1,1
Multi-input,87,6.76106024232183,0.261801456835061,4.15737181133587,0.442691635125588,0.442691635125588,-1.66533453693773e-16,0.00944428295617854,0.00935987269467698,8.44102615015566e-05,0.901831298940222,2.22044604925031e-16,1.38777878078145e-17,16.3262078167631,1,1,0,0
Multi-input,88,6.27798531328122,0.200102035145499,4.2164496169922,0.438693102091802,0.438693102091802,1.66533453693773e-16,0.0100736789975646,0.00995668576763898,0.000116993229925607,1.17502181605305,2.22044604925031e-16,1.38777878078145e-17,12.2478598855794,1,1,1,1
Multi-input,89,6.85114690525186,0.200017346706084,4.10493251687185,0.43880667862425,0.43880667862425,-5.55111512312578e-17,0.00920219446852081,0.00914459216079498,5.76023077258261e-05,0.629905705065566,0,0,15.4282123175956,1,1,1,1
Multi-input,90,9.05675825955017,0.200002956225026,3.8242690241755,0.441141916082801,0.441141916082801,5.55111512312578e-17,0.007111970797981,0.00703265133520672,7.93194627742759e-05,1.1278742396511,0,0,33.3010887974328,1,1,1,1
Multi-input,91,7.64151484978478,0.249661892613444,4.18756610729231,0.456499420097584,0.456499420097584,0,0.00892558771748939,0.00883314010420072,9.24476132886723e-05,1.04659964857466,0,0,21.6762887119826,1,1,0,0
Multi-input,92,6.00105972949611,0.243913853787513,4.60269075356885,0.463902276285014,0.463902276285014,-5.55111512312578e-17,0.011837366918734,0.011577098059417,0.000260268859317004,2.24813556887252,1.11022302462516e-16,6.93889390390723e-18,10.6275148811272,1,1,0,0
Multi-input,93,7.84038624071255,0.200064510537321,3.94210564397238,0.438458096021137,0.438458096021137,-1.66533453693773e-16,0.00803085237603759,0.00800059206501889,3.02603110187028e-05,0.378225895943507,0,0,22.2960467208749,1,1,1,1
Multi-input,94,8.52443011731145,0.204156652798192,3.85236393031442,0.438534546079608,0.438534546079608,1.11022302462516e-16,0.00743894717371708,0.00736880588886679,7.01412848502876e-05,0.951867723320831,2.22044604925031e-16,1.38777878078145e-17,28.8157552835497,0,1,0,0
Multi-input,95,6.00055681022952,0.603031926632968,4.73904096872815,0.471279427780919,0.471279427780919,0,0.012304770146379,0.0120178802561165,0.000286889890262446,2.38719211831415,0,0,18.8769035459663,1,1,0,0
Multi-input,96,10.3792070144492,0.200011079106874,3.70199811405498,0.441669572531719,0.441669572531719,0,0.0062848908890371,0.00616935864728733,0.000115532241749767,1.87267831803823,0,0,50.093422045081,1,1,1,1
Multi-input,97,9.26653078436924,0.200044834069029,3.78967478999467,0.440153568129384,0.440153568129384,1.11022302462516e-16,0.00693800934169518,0.00684611823294229,9.18911087528862e-05,1.3422366606338,1.11022302462516e-16,6.93889390390723e-18,35.9494628213001,1,1,1,1
Multi-input,98,6.00001085534372,0.225757447132315,4.7921611214694,0.477778851679055,0.477778851679055,-1.66533453693773e-16,0.0126006527104282,0.0123050266334965,0.00029562607693173,2.40248221915248,0,0,10.2141262036729,1,1,0,0
Multi-input,99,10.8721005082398,0.200067065957924,3.65970804205347,0.441586732419167,0.441586732419167,-3.33066907387547e-16,0.00601826763685388,0.00589325589708318,0.000125011739770699,2.12126780092093,2.22044604925031e-16,1.38777878078145e-17,57.5984416018583,1,1,1,1
Multi-input,100,6.6607104661638,0.200017587579205,4.16168567011262,0.440444160940692,0.440444160940692,5.55111512312578e-17,0.00955814204865765,0.00947078418272053,8.73578659371169e-05,0.922393164617789,0,0,13.9647627997162,1,1,1,1
