case,rank_descending,element_id,x_m,span_y_mm,z_m,shell_von_mises_stress_mpa,is_critical_element,stress_limit_mpa
2,1,39934,0.23548666633333334,0.6885550295666667,0.041926010203333336,228.35560000000001,1,220
2,2,40563,0.19617325563333332,0.69522524910000005,0.03957743322,198.61070000000001,0,220
2,3,40457,0.21362433336666664,0.71394330976666676,0.040740342190000001,196.47319999999999,0,220
2,4,40644,0.21497284866666666,0.70879183476666663,0.04081974054666667,196.1232,0,220
2,5,39936,0.23575946686666668,0.7261678111333334,0.041940701506666671,195.86750000000001,0,220
2,6,15190,0.19485365349999997,0.61535434603333328,0.039482172576666669,195.3466,0,220
2,7,41029,0.17766457796666668,0.68858401693333338,0.038156123209999997,194.98330000000001,0,220
2,8,39875,0.23619885246666669,0.6400476074,0.041963871569999998,193.9974,0,220
2,9,42794,0.15044135849999998,0.71054048019999994,0.03566147883666667,190.40039999999999,0,220
2,10,40646,0.23853679496666666,0.62958749673333347,0.042073609930000005,190.25649999999999,0,220
2,11,39983,0.21221451459999999,0.56451718170000009,0.040645370880000004,183.51730000000001,0,220
2,12,39901,0.19435957073333335,0.57142966153333341,0.039445477226666664,180.6729,0,220
2,13,27808,0.21519030629999999,0.63286460743333328,-0.02705830087333333,177.98099999999999,0,220
2,14,39747,0.26619972786666668,0.61114693139999998,0.043174810706666657,177.74469999999999,0,220
2,15,27917,0.23639293016666665,0.57668149626666665,0.041974289963333335,177.7124,0,220
2,16,27919,0.23660813273333334,0.71061461736666665,0.041983502606666667,176.15280000000001,0,220
2,17,40455,0.21339312196666663,0.57520823126666676,0.040727594246666665,173.62739999999999,0,220
2,18,39900,0.19462823866666668,0.5277935997333334,0.039466520149999997,171.01070000000001,0,220
2,19,39786,0.17872323096666665,0.60980856260000005,0.038247969,167.38210000000001,0,220
2,20,42848,0.17820976676666667,0.65406929933333335,0.038205052413333329,165.0103,0,220
2,21,39980,0.21276277799999999,0.54036263223333336,0.040685866026666663,163.68170000000001,0,220
2,22,40157,0.27770328523333337,0.54880257809999999,-0.028341422476666666,163.61709999999999,0,220
2,23,40615,0.23713242513333332,0.66943694643333329,0.0420096914,162.8186,0,220
2,24,43637,0.23778551816666668,0.65101421206666676,0.042040384066666665,162.28579999999999,0,220
2,25,40556,0.17921152709999999,0.56935310323333332,0.038288628060000003,161.97569999999999,0,220
2,26,37086,0.21250548459999999,0.38694933756666666,0.040667188663333333,161.8837,0,220
2,27,43669,0.26347431540000005,0.68417406873333331,-0.02820752126333333,161.23779999999999,0,220
2,28,42431,0.25874704123333331,0.79918526646666677,-0.028133368116666668,160.81880000000001,0,220
2,29,37305,0.26027236380000002,0.67546974360000001,-0.028157533453333331,160.36670000000001,0,220
2,30,39979,0.21319622793333334,0.66129284096666663,0.040714288750000001,160.18790000000001,0,220
2,31,39907,0.17797484996666668,0.62614097260000001,0.038184414306666664,158.9785,0,220
2,32,40684,0.26961644489999997,0.79069030456666667,0.043274946510000002,158.1574,0,220
2,33,43079,0.23615763583333335,1.1065765479999998,0.041957539816666667,157.97450000000001,0,220
2,34,36998,0.21293082336666666,0.42590299079999994,0.040700101603333337,157.19829999999999,0,220
2,35,43035,0.1945701936666667,1.1743583210333333,0.039456778513333339,156.8416,0,220
2,36,40019,0.27712626256666667,0.57649585260000002,-0.028337848063333334,156.76859999999999,0,220
2,37,40496,0.15200814106666669,0.67242082633333333,0.035817711303333333,156.46420000000001,0,220
2,38,43636,0.2365582635,1.0389263820666665,0.041977946956666672,156.2816,0,220
2,39,27897,0.26672431826666665,0.58187617103333322,0.043190709003333327,156.18039999999999,0,220
2,40,42269,0.21266753969999999,0.98130543489999988,0.040675352016666673,156.07740000000001,0,220
2,41,41436,0.33907394610000002,0.82340132219999995,-0.028136659413333331,155.90029999999999,0,220
2,42,409493,0.21228885153333332,1.0084034487666667,0.040649549413333326,155.85579999999999,0,220
2,43,43301,0.26595270633333329,0.6127306745333333,-0.028234535830000001,155.8031,0,220
2,44,37170,0.23691787323333333,0.53497038120000007,0.042000448953333332,154.8828,0,220
2,45,43538,0.21329493323333334,1.5055795860333332,0.040711309760000002,154.8338,0,220
2,46,37394,0.21425116063333335,0.67020886733333329,0.040778484196666666,154.7561,0,220
2,47,40557,0.17893673480000002,0.53635477279999999,0.038266414153333338,154.4675,0,220
2,48,43659,0.26895993946666669,0.75953688536666675,0.043256250520000004,154.07830000000001,0,220
2,49,40456,0.21296391883333332,1.0909473058333334,0.040695214023333336,154.0703,0,220
2,50,40851,0.2682278255333333,0.71824526336666661,-0.028253538533333334,153.98859999999999,0,220
8,1,39934,0.23548666633333334,0.6885550295666667,0.041926010203333336,234.5181,1,220
8,2,27808,0.21519030629999999,0.63286460743333328,-0.02705830087333333,232.56299999999999,0,220
8,3,39747,0.26619972786666668,0.61114693139999998,0.043174810706666657,225.16849999999999,0,220
8,4,40646,0.23853679496666666,0.62958749673333347,0.042073609930000005,210.53559999999999,0,220
8,5,27691,0.21245220799999998,0.66667709809999998,-0.026963006083333334,209.15110000000001,0,220
8,6,39936,0.23575946686666668,0.7261678111333334,0.041940701506666671,202.84309999999999,0,220
8,7,39875,0.23619885246666669,0.6400476074,0.041963871569999998,201.63589999999999,0,220
8,8,40563,0.19617325563333332,0.69522524910000005,0.03957743322,200.31469999999999,0,220
8,9,27897,0.26672431826666665,0.58187617103333322,0.043190709003333327,198.41640000000001,0,220
8,10,27925,0.18278941016666664,0.6178098750333334,-0.025789288183333332,197.76089999999999,0,220
8,11,27775,0.21401000520000002,0.67977157106666664,-0.027017125860000001,194.88460000000001,0,220
8,12,40684,0.26961644489999997,0.79069030456666667,0.043274946510000002,194.7174,0,220
8,13,15190,0.19485365349999997,0.61535434603333328,0.039482172576666669,194.2809,0,220
8,14,43607,0.26777767143333336,0.65064676646666664,0.043222381423333338,193.2253,0,220
8,15,41029,0.17766457796666668,0.68858401693333338,0.038156123209999997,192.5093,0,220
8,16,40644,0.21497284866666666,0.70879183476666663,0.04081974054666667,192.15020000000001,0,220
8,17,27776,0.21377590300000002,0.65165581566666675,-0.027009220796666667,192.13550000000001,0,220
8,18,43659,0.26895993946666669,0.75953688536666675,0.043256250520000004,191.2851,0,220
8,19,40457,0.21362433336666664,0.71394330976666676,0.040740342190000001,188.33449999999999,0,220
8,20,27809,0.21455291903333332,0.58426512983333334,-0.027036668109999999,187.1123,0,220
8,21,27917,0.23639293016666665,0.57668149626666665,0.041974289963333335,186.1285,0,220
8,22,27895,0.26652654013333327,0.49703430459999998,0.043185826386666661,186.04400000000001,0,220
8,23,27919,0.23660813273333334,0.71061461736666665,0.041983502606666667,185.7551,0,220
8,24,27831,0.21269212166666665,0.60915308616666664,-0.026972190166666663,185.4855,0,220
8,25,40620,0.2709610263333333,0.57472600016666675,0.04331454634666667,184.93709999999999,0,220
8,26,13881,0.26828659573333336,0.69940921580000004,0.043237129846666666,184.2877,0,220
8,27,27690,0.21291878323333335,0.71250224333333334,-0.026979262010000001,183.68000000000001,0,220
8,28,24213,0.26592533786666667,0.35421285286900006,0.043165372063333339,182.52189999999999,0,220
8,29,39901,0.19435957073333335,0.57142966153333341,0.039445477226666664,179.6019,0,220
8,30,13879,0.26802158356666667,0.58539777333333332,0.043230375896666666,179.52209999999999,0,220
8,31,42544,0.18071788050000001,0.76927345550000004,-0.02569381644,177.84809999999999,0,220
8,32,40655,0.18153673410000001,0.68186992816666669,-0.025732591746666669,177.40639999999999,0,220
8,33,43637,0.23778551816666668,0.65101421206666676,0.042040384066666665,177.00200000000001,0,220
8,34,40854,0.21334922313333335,0.59881977116666663,-0.026995006329999998,176.90639999999999,0,220
8,35,40902,0.37306243180000004,0.69409155793333333,0.043237519759999989,176.26070000000001,0,220
8,36,27631,0.21310622493333334,0.55183338313333341,-0.026987086983333335,175.0044,0,220
8,37,27926,0.18206756313333336,0.6798606676333333,-0.0257562759,174.56549999999999,0,220
8,38,39983,0.21221451459999999,0.56451718170000009,0.040645370880000004,174.03229999999999,0,220
8,39,40615,0.23713242513333332,0.66943694643333329,0.0420096914,173.87350000000001,0,220
8,40,40885,0.37181832393333331,0.69597078256666667,0.043282377223333335,173.49639999999999,0,220
8,41,27898,0.26671181123333337,1.1287921807000001,0.04318455730666667,173.1071,0,220
8,42,43079,0.23615763583333335,1.1065765479999998,0.041957539816666667,171.67679999999999,0,220
8,43,40202,0.37118249136666664,0.6572942947999999,0.043305916093333334,171.15360000000001,0,220
8,44,36621,0.37334705393333328,0.65400103146666677,0.043227837729999996,171.13829999999999,0,220
8,45,43636,0.2365582635,1.0389263820666665,0.041977946956666672,170.15809999999999,0,220
8,46,39900,0.19462823866666668,0.5277935997333334,0.039466520149999997,169.95650000000001,0,220
8,47,43658,0.26793912056666669,1.2992994355666665,0.043220516290000004,169.73949999999999,0,220
8,48,42891,0.26580245293333332,1.0485991368666665,0.043158228200000003,169.642,0,220
8,49,14152,0.21474677816666668,0.46850898066666663,-0.027044228586666667,169.47300000000001,0,220
8,50,40455,0.21339312196666663,0.57520823126666676,0.040727594246666665,168.0592,0,220
27,1,39934,0.23548666633333334,0.6885550295666667,0.041926010203333336,225.1841,1,220
27,2,39747,0.26619972786666668,0.61114693139999998,0.043174810706666657,218.3998,0,220
27,3,27808,0.21519030629999999,0.63286460743333328,-0.02705830087333333,216.06319999999999,0,220
27,4,42431,0.25874704123333331,0.79918526646666677,-0.028133368116666668,210.88919999999999,0,220
27,5,40646,0.23853679496666666,0.62958749673333347,0.042073609930000005,209.13650000000001,0,220
27,6,40684,0.26961644489999997,0.79069030456666667,0.043274946510000002,196.69929999999999,0,220
27,7,39936,0.23575946686666668,0.7261678111333334,0.041940701506666671,196.05539999999999,0,220
27,8,39875,0.23619885246666669,0.6400476074,0.041963871569999998,195.56909999999999,0,220
27,9,27897,0.26672431826666665,0.58187617103333322,0.043190709003333327,193.77010000000001,0,220
27,10,43659,0.26895993946666669,0.75953688536666675,0.043256250520000004,192.27869999999999,0,220
27,11,43607,0.26777767143333336,0.65064676646666664,0.043222381423333338,191.8338,0,220
27,12,27925,0.18278941016666664,0.6178098750333334,-0.025789288183333332,191.25409999999999,0,220
27,13,40620,0.2709610263333333,0.57472600016666675,0.04331454634666667,187.3297,0,220
27,14,40157,0.27770328523333337,0.54880257809999999,-0.028341422476666666,184.69390000000001,0,220
27,15,13881,0.26828659573333336,0.69940921580000004,0.043237129846666666,184.2261,0,220
27,16,40644,0.21497284866666666,0.70879183476666663,0.04081974054666667,181.7277,0,220
27,17,27919,0.23660813273333334,0.71061461736666665,0.041983502606666667,181.2321,0,220
27,18,27917,0.23639293016666665,0.57668149626666665,0.041974289963333335,181.0119,0,220
27,19,27895,0.26652654013333327,0.49703430459999998,0.043185826386666661,180.483,0,220
27,20,27691,0.21245220799999998,0.66667709809999998,-0.026963006083333334,179.83969999999999,0,220
27,21,41029,0.17766457796666668,0.68858401693333338,0.038156123209999997,179.8082,0,220
27,22,37305,0.26027236380000002,0.67546974360000001,-0.028157533453333331,179.09999999999999,0,220
27,23,13879,0.26802158356666667,0.58539777333333332,0.043230375896666666,179.0667,0,220
27,24,40457,0.21362433336666664,0.71394330976666676,0.040740342190000001,179.0617,0,220
27,25,40563,0.19617325563333332,0.69522524910000005,0.03957743322,178.22239999999999,0,220
27,26,24213,0.26592533786666667,0.35421285286900006,0.043165372063333339,175.46809999999999,0,220
27,27,43637,0.23778551816666668,0.65101421206666676,0.042040384066666665,175.02250000000001,0,220
27,28,15190,0.19485365349999997,0.61535434603333328,0.039482172576666669,173.52010000000001,0,220
27,29,40615,0.23713242513333332,0.66943694643333329,0.0420096914,170.6437,0,220
27,30,40019,0.27712626256666667,0.57649585260000002,-0.028337848063333334,170.61420000000001,0,220
27,31,27885,0.27031564710000006,0.6360644668333334,0.043296280006666667,169.89959999999999,0,220
27,32,40655,0.18153673410000001,0.68186992816666669,-0.025732591746666669,168.72219999999999,0,220
27,33,42544,0.18071788050000001,0.76927345550000004,-0.02569381644,168.3408,0,220
27,34,27775,0.21401000520000002,0.67977157106666664,-0.027017125860000001,168.05799999999999,0,220
27,35,40202,0.37118249136666664,0.6572942947999999,0.043305916093333334,167.9836,0,220
27,36,40885,0.37181832393333331,0.69597078256666667,0.043282377223333335,167.92779999999999,0,220
27,37,27898,0.26671181123333337,1.1287921807000001,0.04318455730666667,167.9204,0,220
27,38,43658,0.26793912056666669,1.2992994355666665,0.043220516290000004,167.6294,0,220
27,39,40902,0.37306243180000004,0.69409155793333333,0.043237519759999989,167.39590000000001,0,220
27,40,39983,0.21221451459999999,0.56451718170000009,0.040645370880000004,167.28440000000001,0,220
27,41,43643,0.2700750033,0.54066159643333334,0.043290160596666662,167.1455,0,220
27,42,27926,0.18206756313333336,0.6798606676333333,-0.0257562759,166.98349999999999,0,220
27,43,40645,0.1577495287,0.65647085039999997,-0.02451879283,166.65190000000001,0,220
27,44,43079,0.23615763583333335,1.1065765479999998,0.041957539816666667,166.00190000000001,0,220
27,45,40617,0.26724358396666664,0.51984743909999998,0.043207089110000006,164.99760000000001,0,220
27,46,43636,0.2365582635,1.0389263820666665,0.041977946956666672,164.70050000000001,0,220
27,47,41436,0.33907394610000002,0.82340132219999995,-0.028136659413333331,164.3382,0,220
27,48,24205,0.23887010913333331,0.35557602103666663,0.042090502876666665,163.6737,0,220
27,49,27776,0.21377590300000002,0.65165581566666675,-0.027009220796666667,163.47290000000001,0,220
27,50,42891,0.26580245293333332,1.0485991368666665,0.043158228200000003,162.73769999999999,0,220
29,1,39934,0.23548666633333334,0.6885550295666667,0.041926010203333336,220.36420000000001,1,220
29,2,39747,0.26619972786666668,0.61114693139999998,0.043174810706666657,210.18770000000001,0,220
29,3,27808,0.21519030629999999,0.63286460743333328,-0.02705830087333333,206.56700000000001,0,220
29,4,40644,0.21497284866666666,0.70879183476666663,0.04081974054666667,203.42070000000001,0,220
29,5,42431,0.25874704123333331,0.79918526646666677,-0.028133368116666668,198.6173,0,220
29,6,40563,0.19617325563333332,0.69522524910000005,0.03957743322,197.3817,0,220
29,7,40646,0.23853679496666666,0.62958749673333347,0.042073609930000005,197.3511,0,220
29,8,40457,0.21362433336666664,0.71394330976666676,0.040740342190000001,196.0472,0,220
29,9,27691,0.21245220799999998,0.66667709809999998,-0.026963006083333334,195.80600000000001,0,220
29,10,40157,0.27770328523333337,0.54880257809999999,-0.028341422476666666,194.2835,0,220
29,11,41029,0.17766457796666668,0.68858401693333338,0.038156123209999997,194.114,0,220
29,12,37305,0.26027236380000002,0.67546974360000001,-0.028157533453333331,190.7929,0,220
29,13,39936,0.23575946686666668,0.7261678111333334,0.041940701506666671,190.71879999999999,0,220
29,14,15190,0.19485365349999997,0.61535434603333328,0.039482172576666669,190.01140000000001,0,220
29,15,39875,0.23619885246666669,0.6400476074,0.041963871569999998,188.58179999999999,0,220
29,16,41436,0.33907394610000002,0.82340132219999995,-0.028136659413333331,188.43960000000001,0,220
29,17,40019,0.27712626256666667,0.57649585260000002,-0.028337848063333334,187.43610000000001,0,220
29,18,27897,0.26672431826666665,0.58187617103333322,0.043190709003333327,185.65469999999999,0,220
29,19,40684,0.26961644489999997,0.79069030456666667,0.043274946510000002,184.6694,0,220
29,20,42794,0.15044135849999998,0.71054048019999994,0.03566147883666667,184.36449999999999,0,220
29,21,40902,0.37306243180000004,0.69409155793333333,0.043237519759999989,182.33109999999999,0,220
29,22,43607,0.26777767143333336,0.65064676646666664,0.043222381423333338,182.3227,0,220
29,23,27925,0.18278941016666664,0.6178098750333334,-0.025789288183333332,181.91800000000001,0,220
29,24,40885,0.37181832393333331,0.69597078256666667,0.043282377223333335,181.2895,0,220
29,25,43659,0.26895993946666669,0.75953688536666675,0.043256250520000004,181.0411,0,220
29,26,43669,0.26347431540000005,0.68417406873333331,-0.02820752126333333,179.83250000000001,0,220
29,27,40202,0.37118249136666664,0.6572942947999999,0.043305916093333334,178.62639999999999,0,220
29,28,40620,0.2709610263333333,0.57472600016666675,0.04331454634666667,178.3228,0,220
29,29,36621,0.37334705393333328,0.65400103146666677,0.043227837729999996,176.90479999999999,0,220
29,30,27771,0.26154807209999997,0.58033323149999994,-0.028177971019999998,176.85409999999999,0,220
29,31,39983,0.21221451459999999,0.56451718170000009,0.040645370880000004,176.76920000000001,0,220
29,32,27890,0.32729461786666664,0.73154736310000013,-0.028314024206666667,175.97839999999999,0,220
29,33,39901,0.19435957073333335,0.57142966153333341,0.039445477226666664,175.9357,0,220
29,34,27775,0.21401000520000002,0.67977157106666664,-0.027017125860000001,174.61949999999999,0,220
29,35,27917,0.23639293016666665,0.57668149626666665,0.041974289963333335,174.05950000000001,0,220
29,36,27895,0.26652654013333327,0.49703430459999998,0.043185826386666661,173.92840000000001,0,220
29,37,13881,0.26828659573333336,0.69940921580000004,0.043237129846666666,173.67060000000001,0,220
29,38,27831,0.21269212166666665,0.60915308616666664,-0.026972190166666663,173.5607,0,220
29,39,27919,0.23660813273333334,0.71061461736666665,0.041983502606666667,173.5341,0,220
29,40,40455,0.21339312196666663,0.57520823126666676,0.040727594246666665,173.2407,0,220
29,41,15231,0.32537364956666665,0.54541611463333328,-0.028337522719999998,172.4777,0,220
29,42,27893,0.26955309510000003,0.67778016090000004,-0.0282678809,171.79490000000001,0,220
29,43,40851,0.2682278255333333,0.71824526336666661,-0.028253538533333334,171.4299,0,220
29,44,40666,0.27196212606666664,0.61385417939999998,-0.028294043616666667,171.1036,0,220
29,45,27776,0.21377590300000002,0.65165581566666675,-0.027009220796666667,170.85679999999999,0,220
29,46,27690,0.21291878323333335,0.71250224333333334,-0.026979262010000001,170.4924,0,220
29,47,24213,0.26592533786666667,0.35421285286900006,0.043165372063333339,170.35409999999999,0,220
29,48,27643,0.26481894653333332,0.49222368396666671,-0.02822422174,169.63640000000001,0,220
29,49,43666,0.27452297010000004,0.56605139010000005,-0.028317410500000001,169.27500000000001,0,220
29,50,13879,0.26802158356666667,0.58539777333333332,0.043230375896666666,169.0975,0,220
51,1,39747,0.26619972786666668,0.61114693139999998,0.043174810706666657,221.64609999999999,1,220
51,2,39934,0.23548666633333334,0.6885550295666667,0.041926010203333336,218.67439999999999,0,220
51,3,40646,0.23853679496666666,0.62958749673333347,0.042073609930000005,205.79140000000001,0,220
51,4,40644,0.21497284866666666,0.70879183476666663,0.04081974054666667,202.726,0,220
51,5,40457,0.21362433336666664,0.71394330976666676,0.040740342190000001,197.77760000000001,0,220
51,6,40684,0.26961644489999997,0.79069030456666667,0.043274946510000002,196.34700000000001,0,220
51,7,27897,0.26672431826666665,0.58187617103333322,0.043190709003333327,195.60919999999999,0,220
51,8,39936,0.23575946686666668,0.7261678111333334,0.041940701506666671,194.8785,0,220
51,9,40563,0.19617325563333332,0.69522524910000005,0.03957743322,194.71520000000001,0,220
51,10,15190,0.19485365349999997,0.61535434603333328,0.039482172576666669,194.5617,0,220
51,11,43607,0.26777767143333336,0.65064676646666664,0.043222381423333338,192.54400000000001,0,220
51,12,43659,0.26895993946666669,0.75953688536666675,0.043256250520000004,192.44810000000001,0,220
51,13,39875,0.23619885246666669,0.6400476074,0.041963871569999998,190.44239999999999,0,220
51,14,40620,0.2709610263333333,0.57472600016666675,0.04331454634666667,187.37350000000001,0,220
51,15,42794,0.15044135849999998,0.71054048019999994,0.03566147883666667,185.8706,0,220
51,16,41029,0.17766457796666668,0.68858401693333338,0.038156123209999997,185.34110000000001,0,220
51,17,13881,0.26828659573333336,0.69940921580000004,0.043237129846666666,184.13040000000001,0,220
51,18,27895,0.26652654013333327,0.49703430459999998,0.043185826386666661,183.05029999999999,0,220
51,19,39901,0.19435957073333335,0.57142966153333341,0.039445477226666664,181.64959999999999,0,220
51,20,39983,0.21221451459999999,0.56451718170000009,0.040645370880000004,179.6883,0,220
51,21,24213,0.26592533786666667,0.35421285286900006,0.043165372063333339,179.33869999999999,0,220
51,22,13879,0.26802158356666667,0.58539777333333332,0.043230375896666666,179.2415,0,220
51,23,27808,0.21519030629999999,0.63286460743333328,-0.02705830087333333,177.67760000000001,0,220
51,24,27917,0.23639293016666665,0.57668149626666665,0.041974289963333335,177.3561,0,220
51,25,27919,0.23660813273333334,0.71061461736666665,0.041983502606666667,177.2764,0,220
51,26,40885,0.37181832393333331,0.69597078256666667,0.043282377223333335,177.2424,0,220
51,27,43054,0.13944833476666665,0.77928840363333329,0.034516397863333333,177.1266,0,220
51,28,40902,0.37306243180000004,0.69409155793333333,0.043237519759999989,176.91480000000001,0,220
51,29,40202,0.37118249136666664,0.6572942947999999,0.043305916093333334,175.11699999999999,0,220
51,30,40455,0.21339312196666663,0.57520823126666676,0.040727594246666665,174.92349999999999,0,220
51,31,42431,0.25874704123333331,0.79918526646666677,-0.028133368116666668,173.7253,0,220
51,32,43637,0.23778551816666668,0.65101421206666676,0.042040384066666665,171.49619999999999,0,220
51,33,39900,0.19462823866666668,0.5277935997333334,0.039466520149999997,171.24459999999999,0,220
51,34,27691,0.21245220799999998,0.66667709809999998,-0.026963006083333334,170.8382,0,220
51,35,39380,0.1649109175,0.62616203406666671,0.037046598889999997,169.97630000000001,0,220
51,36,40157,0.27770328523333337,0.54880257809999999,-0.028341422476666666,169.9153,0,220
51,37,27885,0.27031564710000006,0.6360644668333334,0.043296280006666667,169.5386,0,220
51,38,36621,0.37334705393333328,0.65400103146666677,0.043227837729999996,169.20099999999999,0,220
51,39,27898,0.26671181123333337,1.1287921807000001,0.04318455730666667,168.7176,0,220
51,40,43658,0.26793912056666669,1.2992994355666665,0.043220516290000004,167.37739999999999,0,220
51,41,43643,0.2700750033,0.54066159643333334,0.043290160596666662,166.99590000000001,0,220
51,42,40615,0.23713242513333332,0.66943694643333329,0.0420096914,166.8657,0,220
51,43,40617,0.26724358396666664,0.51984743909999998,0.043207089110000006,165.99979999999999,0,220
51,44,42891,0.26580245293333332,1.0485991368666665,0.043158228200000003,164.87809999999999,0,220
51,45,43079,0.23615763583333335,1.1065765479999998,0.041957539816666667,164.5043,0,220
51,46,37305,0.26027236380000002,0.67546974360000001,-0.028157533453333331,164.15280000000001,0,220
51,47,43636,0.2365582635,1.0389263820666665,0.041977946956666672,163.821,0,220
51,48,15140,0.16554244360000001,0.6871987619333334,0.037102568893333333,163.47239999999999,0,220
51,49,24205,0.23887010913333331,0.35557602103666663,0.042090502876666665,162.33080000000001,0,220
51,50,27924,0.26911296446666666,1.6606004596666668,0.043251749126666662,162.29069999999999,0,220
54,1,42431,0.25874704123333331,0.79918526646666677,-0.028133368116666668,224.66253662109375,1,220
54,2,37305,0.26027236380000002,0.67546974360000001,-0.028157533453333331,222.08824157714844,0,220
54,3,40851,0.2682278255333333,0.71824526336666661,-0.028253538533333334,211.84640502929688,0,220
54,4,43301,0.26595270633333329,0.6127306745333333,-0.028234535830000001,209.90470886230469,0,220
54,5,27730,0.26573903360000001,0.64066070870000003,-0.02823235281,202.10789489746094,0,220
54,6,27771,0.26154807209999997,0.58033323149999994,-0.028177971019999998,201.54109191894531,0,220
54,7,43669,0.26347431540000005,0.68417406873333331,-0.02820752126333333,201.49827575683594,0,220
54,8,27893,0.26955309510000003,0.67778016090000004,-0.0282678809,199.70957946777344,0,220
54,9,27643,0.26481894653333332,0.49222368396666671,-0.02822422174,199.27583312988281,0,220
54,10,36586,0.26723211006666664,0.53185552436666661,-0.028245468933333333,197.75555419921875,0,220
54,11,15231,0.32537364956666665,0.54541611463333328,-0.028337522719999998,196.38748168945312,0,220
54,12,39934,0.23548666633333334,0.6885550295666667,0.041926010203333336,195.93954467773438,0,220
54,13,27936,0.3322443068,0.62435302726666675,-0.028241139526666667,195.20036315917969,0,220
54,14,27633,0.26101445156666664,0.49707441939999997,-0.028170386330000002,194.89651489257812,0,220
54,15,27302,0.26677736639999999,0.58277416000000004,-0.028241908179999997,194.51033020019531,0,220
54,16,27890,0.32729461786666664,0.73154736310000013,-0.028314024206666667,194.34147644042969,0,220
54,17,27779,0.26530597606666667,0.4973192893333333,-0.028229326006666666,191.55032348632812,0,220
54,18,43316,0.26205872496666666,0.56706274823333336,-0.028186126303333333,189.28959655761719,0,220
54,19,13897,0.33352874716666664,0.77461018613333332,-0.028223775326666662,187.78984069824219,0,220
54,20,13899,0.33287827170000001,0.67590938606666673,-0.028232567633333334,187.38232421875,0,220
54,21,27732,0.26639168460000001,0.55379681479999998,-0.028239103656666667,187.25210571289062,0,220
54,22,39747,0.26619972786666668,0.61114693139999998,0.043174810706666657,187.24063110351562,0,220
54,23,14038,0.26795695223333332,0.57353103573333331,-0.028251466029999995,185.28302001953125,0,220
54,24,40938,0.26659812529999999,0.51073675660000006,-0.028241102276666666,184.87403869628906,0,220
54,25,40681,0.33167706926666668,0.59544873266666676,-0.028249590966666668,184.85716247558594,0,220
54,26,27892,0.2702657779,0.6991920041666666,-0.028275478006666663,184.31053161621094,0,220
54,27,40646,0.23853679496666666,0.62958749673333347,0.042073609930000005,183.99484252929688,0,220
54,28,40644,0.21497284866666666,0.70879183476666663,0.04081974054666667,182.12557983398438,0,220
54,29,27635,0.26053105789999997,0.632420871,-0.028161799533333334,182.02902221679688,0,220
54,30,40628,0.15888343253333334,0.57465307570000002,-0.024580086890000002,181.26217651367188,0,220
54,31,40642,0.26885853210000005,0.64731922853333335,-0.028260668739999998,180.90193176269531,0,220
54,32,40645,0.1577495287,0.65647085039999997,-0.02451879283,180.85470581054688,0,220
54,33,39760,0.26771069563333333,0.63007840073333332,-0.028248801206666663,180.64422607421875,0,220
54,34,27910,0.33413909869999997,0.68194700483333326,-0.028216217336666665,179.47529602050781,0,220
54,35,43680,0.33488940196666661,0.61370300439999992,-0.028204380846666668,178.6494140625,0,220
54,36,13887,0.33108546333333333,0.52387411900000003,-0.028259513896666668,178.20565795898438,0,220
54,37,13970,0.26325210926666665,0.60733912203333329,-0.028205000483333336,178.14317321777344,0,220
54,38,27909,0.33381712436666661,0.59943634550000002,-0.028221497313333333,178.06990051269531,0,220
54,39,40457,0.21362433336666664,0.71394330976666676,0.040740342190000001,177.68800354003906,0,220
54,40,13889,0.33059183753333332,0.50370179813333338,-0.028268052263333333,176.84494018554688,0,220
54,41,27879,0.32898744940000002,0.67638894930000004,-0.028290367373333333,176.72587585449219,0,220
54,42,43639,0.32595562933333339,0.60901513403333329,-0.028331735483333332,175.7100830078125,0,220
54,43,27925,0.18278941016666664,0.6178098750333334,-0.025789288183333332,175.20448303222656,0,220
54,44,40849,0.26860922573333329,0.53458265996666665,-0.028258771326666668,174.9765625,0,220
54,45,40666,0.27196212606666664,0.61385417939999998,-0.028294043616666667,174.88822937011719,0,220
54,46,40838,0.15826060373333337,0.6659539067000001,-0.024546117209999999,174.47119140625,0,220
54,47,27774,0.26109323896666664,0.68418458493333345,-0.028170469526666669,174.16770935058594,0,220
54,48,27772,0.26143645246666664,0.74952662303333328,-0.028175287569999999,174.00637817382812,0,220
54,49,37849,0.26386477553333337,0.55281822763333333,-0.028212959566666668,173.88540649414062,0,220
54,50,37850,0.26363760233333333,0.5184264058000001,-0.028210587176666666,173.60935974121094,0,220
