"Case","Source","AR","lambda","r1","r2","HalfWingMass","WingMassTotal","CDitrim","Ctrim","Feasible","FailureReason","SimulationFailed","SkinStressMPa","LatticeStressMPa","StressLimitMPa","GoverningStressMPa","GoverningStressComponent","GoverningStressUtilization","StressMarginMPa","FlutterOK","PositiveDampingCount","MaxFlutterDamping","Pareto","CandidateSource","PredictedPoF","SampledHVI","SelectedAF","PrimaryAF","ChallengerAF","SeedBestAF","GABestAF","GAGain","FallbackUsed"
"1","corner","6.0","0.2","0.05","0.15","17.90977616497684","35.81955232995368","0.010537843603557452","10.953141766601407","True","feasible","False","82.10474","200.5154","220.0","200.5154","lattice","0.9114336363636364","19.4846","True","0","-8.0140718e-07","True","corner","nan","nan","nan","nan","nan","nan","nan","nan","False"
"2","corner","6.0","0.2","0.05","0.5","18.293550472817515","36.58710094563503","0.010566434068262815","10.80771945298735","True","feasible","False","82.69207","153.3227","220.0","153.3227","lattice","0.6969213636363636","66.6773","True","0","-2.351221e-06","True","corner","nan","nan","nan","nan","nan","nan","nan","nan","False"
"3","corner","6.0","0.2","0.4","0.15","45.67116154099646","91.34232308199292","0.012580989612239302","9.769402147107584","True","feasible","False","72.7921","35.7529","220.0","72.7921","skin","0.3308731818181818","147.2079","True","0","-5.9863193e-06","False","corner","nan","nan","nan","nan","nan","nan","nan","nan","False"
"4","corner","6.0","0.2","0.4","0.5","52.69296792924804","105.38593585849608","0.013097431856977027","9.3272810223876","True","feasible","False","71.86768","30.82933","220.0","71.86768","skin","0.3266712727272727","148.13232","True","0","-5.5916975e-06","True","corner","nan","nan","nan","nan","nan","nan","nan","nan","False"
"5","corner","6.0","0.8","0.05","0.15","17.15767388134807","34.31534776269614","0.010687584353453305","30.25066730678607","False","lattice stress","False","199.1739","364.0662","220.0","364.0662","lattice","1.6548463636363635","-144.06619999999998","True","0","-2.0350768e-08","False","corner","nan","nan","nan","nan","nan","nan","nan","nan","False"
"6","corner","6.0","0.8","0.05","0.5","17.49744394448016","34.99488788896032","0.010712620946390243","29.87650941757736","False","lattice stress","False","200.0283","365.4768","220.0","365.4768","lattice","1.661258181818182","-145.47680000000003","True","0","-8.6097669e-06","False","corner","nan","nan","nan","nan","nan","nan","nan","nan","False"
"7","corner","6.0","0.8","0.4","0.15","33.64339484095735","67.2867896819147","0.011905061419245216","26.94741692712225","True","feasible","False","199.2586","82.09908","220.0","199.2586","skin","0.9057209090909091","20.7414","True","0","-7.7816233e-07","False","corner","nan","nan","nan","nan","nan","nan","nan","nan","False"
"8","corner","6.0","0.8","0.4","0.5","40.30981277696539","80.61962555393077","0.012397069079397381","25.884065670867656","True","feasible","False","196.2906","80.97618","220.0","196.2906","skin","0.8922300000000001","23.709399999999988","True","0","-9.584836e-07","False","corner","nan","nan","nan","nan","nan","nan","nan","nan","False"
"9","corner","12.0","0.2","0.05","0.15","17.203831893504493","34.407663787008985","0.005399311787796914","79.82404880112628","False","skin+lattice stress","False","249.477","456.7302","220.0","456.7302","lattice","2.076046363636364","-236.73020000000002","True","0","-5.53448e-06","False","corner","nan","nan","nan","nan","nan","nan","nan","nan","False"
"10","corner","12.0","0.2","0.05","0.5","17.489246695203267","34.978493390406534","0.005407695751789858","79.51250922357943","False","skin+lattice stress","False","249.8091","459.0131","220.0","459.0131","lattice","2.0864231818181818","-239.0131","True","0","-1.8316834e-06","False","corner","nan","nan","nan","nan","nan","nan","nan","nan","False"
"11","corner","12.0","0.2","0.4","0.15","36.951360838194006","73.90272167638801","0.005981173409376953","77.3272538872847","False","skin stress","False","272.5319","110.9707","220.0","272.5319","skin","1.2387813636363636","-52.53190000000001","True","0","-2.9955147e-06","False","corner","nan","nan","nan","nan","nan","nan","nan","nan","False"
"12","corner","12.0","0.2","0.4","0.5","42.290603136063964","84.58120627212793","0.006138873068373683","74.56078913576043","False","skin stress","False","269.8911","110.041","220.0","269.8911","skin","1.2267777272727272","-49.891099999999994","True","0","-1.0444964e-06","False","corner","nan","nan","nan","nan","nan","nan","nan","nan","False"
"13","corner","12.0","0.8","0.05","0.15","16.72516092097737","33.45032184195474","0.005602894012336751","246.23466447719449","False","skin+lattice stress","False","668.6045","1355.643","220.0","1355.643","lattice","6.162013636363636","-1135.643","True","0","-1.1108115e-06","False","corner","nan","nan","nan","nan","nan","nan","nan","nan","False"
"14","corner","12.0","0.8","0.05","0.5","16.978648631294096","33.95729726258819","0.005611556435273702","245.24499367835745","False","skin+lattice stress","False","669.7816","1359.029","220.0","1359.029","lattice","6.177404545454546","-1139.029","True","0","-2.5450519e-06","False","corner","nan","nan","nan","nan","nan","nan","nan","nan","False"
"15","corner","12.0","0.8","0.4","0.15","29.768726409642788","59.537452819285576","0.006017925290249504","235.2773319490137","False","skin stress","False","760.337","194.0865","220.0","760.337","skin","3.456077272727273","-540.337","True","0","-1.2756913e-06","False","corner","nan","nan","nan","nan","nan","nan","nan","nan","False"
"16","corner","12.0","0.8","0.4","0.5","35.13073300292608","70.26146600585216","0.006183431517330535","226.55251024887647","False","skin stress","False","752.8609","191.5655","220.0","752.8609","skin","3.422095","-532.8609","True","0","-1.9954977e-07","False","corner","nan","nan","nan","nan","nan","nan","nan","nan","False"
"17","LHS","10.4034424606333","0.223869741267448","0.222178367932089","0.191861400637229","27.80138834302319","55.60277668604638","0.006491923469849513","51.654576136822094","True","feasible","False","181.9919","119.5824","220.0","181.9919","skin","0.827235909090909","38.00810000000001","True","0","-4.0184904e-06","False","LHS","nan","nan","nan","nan","nan","nan","nan","nan","False"
"18","LHS","8.2322701288741","0.287900190134212","0.276083285414566","0.354585811640608","33.94278200189977","67.88556400379954","0.008398115763181184","28.870197030915154","True","feasible","False","179.2069","75.31691","220.0","179.2069","skin","0.8145768181818182","40.79310000000001","True","0","-2.2295276e-06","False","LHS","nan","nan","nan","nan","nan","nan","nan","nan","False"
"19","LHS","11.702297809981","0.598728696447524","0.100426785705812","0.375871144514997","19.032436799003055","38.06487359800611","0.005639011997447122","161.31436486347476","False","skin+lattice stress","False","475.6133","396.4391","220.0","475.6133","skin","2.161878636363636","-255.61329999999998","True","0","-5.3628934e-07","False","LHS","nan","nan","nan","nan","nan","nan","nan","nan","False"
"20","LHS","6.45194918476187","0.439719649267973","0.307227122468246","0.447654237101457","37.44077590583184","74.88155181166368","0.011037470963872123","18.328044928502756","True","feasible","False","141.4394","58.94072","220.0","141.4394","skin","0.6429063636363637","78.5606","True","0","-5.8936649e-06","False","LHS","nan","nan","nan","nan","nan","nan","nan","nan","False"
"21","LHS","8.11800072577512","0.698603634557141","0.254397545382508","0.308361056454605","27.52341793910734","55.04683587821468","0.008371737952263739","56.781775950946944","False","skin stress","False","305.9891","122.0335","220.0","305.9891","skin","1.3908595454545456","-85.98910000000001","True","0","-2.3895554e-06","False","LHS","nan","nan","nan","nan","nan","nan","nan","nan","False"
"22","LHS","9.33172562503914","0.553176127046963","0.358051171454899","0.268920491146494","32.830896645358884","65.66179329071777","0.007400672057622367","72.01102580718451","False","skin stress","False","292.4042","89.29242","220.0","292.4042","skin","1.32911","-72.4042","True","0","-8.1014513e-07","False","LHS","nan","nan","nan","nan","nan","nan","nan","nan","False"
"23","LHS","11.1406833735304","0.719603002448294","0.0870488150988581","0.153889485873834","17.910107011022436","35.82021402204487","0.005953751001224691","168.96667704899534","False","skin+lattice stress","False","457.5898","580.7058","220.0","580.7058","lattice","2.639571818181818","-360.70579999999995","True","0","-5.5383135e-06","False","LHS","nan","nan","nan","nan","nan","nan","nan","nan","False"
"24","LHS","7.19802383255301","0.384802222815527","0.188405479604342","0.207919988971845","25.865581081200276","51.73116216240055","0.009120755589745979","24.22707213202258","True","feasible","False","131.1222","72.32082","220.0","131.1222","skin","0.5960099999999999","88.87780000000001","True","0","-1.2861918e-06","False","LHS","nan","nan","nan","nan","nan","nan","nan","nan","False"
"25","LHS","10.0490423099991","0.370645763662115","0.24618765591677","0.489226879454241","30.537017349872244","61.07403469974449","0.006747912181641475","62.484700128705114","False","skin stress","False","323.4931","139.3945","220.0","323.4931","skin","1.4704231818181819","-103.49310000000003","True","0","-2.9445005e-06","False","LHS","nan","nan","nan","nan","nan","nan","nan","nan","False"
"26","LHS","8.61850710412118","0.758448562282204","0.396221457689289","0.419353164429923","35.91733710554088","71.83467421108176","0.008417454560047897","76.49191829659222","False","skin stress","False","597.633","104.8278","220.0","597.633","skin","2.7165136363636364","-377.63300000000004","True","0","-9.3205685e-07","False","LHS","nan","nan","nan","nan","nan","nan","nan","nan","False"
"27","LHS","6.08453052748098","0.508808289578874","0.0591278928737032","0.280668870100464","17.94460092106827","35.88920184213654","0.010334424614667267","19.962422539631817","False","lattice stress","False","124.5132","233.8895","220.0","233.8895","lattice","1.063134090909091","-13.889499999999998","True","0","-1.0130098e-05","False","LHS","nan","nan","nan","nan","nan","nan","nan","nan","False"
"28","LHS","9.54355370933676","0.483955615400611","0.158296695393669","0.24499033816448","22.420520469230073","44.84104093846015","0.006827757102993304","68.17770853981266","False","skin stress","False","304.2184","165.898","220.0","304.2184","skin","1.3828109090909089","-84.21839999999997","True","0","-2.6105301e-06","False","LHS","nan","nan","nan","nan","nan","nan","nan","nan","False"
"29","LHS","7.3875151590941","0.643415498457337","0.14398682396387","0.455549947458037","22.86209565422719","45.72419130845438","0.008860480255377404","40.01009119551488","False","skin stress","False","222.8989","122.6621","220.0","222.8989","skin","1.0131768181818182","-2.8988999999999976","True","0","-5.3010211e-06","False","LHS","nan","nan","nan","nan","nan","nan","nan","nan","False"
"30","LHS","11.1915732821967","0.285575835630773","0.334613155935868","0.332513759633173","34.71092803129178","69.42185606258356","0.006244878642218439","74.86449269182644","False","skin stress","False","292.8879","117.7375","220.0","292.8879","skin","1.3313086363636364","-72.8879","True","0","-2.5987519e-06","False","LHS","nan","nan","nan","nan","nan","nan","nan","nan","False"
"31","adaptive","7.099406279890274","0.20003434233206205","0.09813313526134776","0.4999993667104473","21.736858125954665","43.47371625190933","0.009090738544499733","16.237341487971495","True","feasible","False","93.71924","78.02538","220.0","93.71924","skin","0.42599654545454546","126.28076","True","0","-1.1397674e-06","True","primary","1.0","0.851611158254926","0.8551158132936032","0.8551158132936032","0.6479084575150448","0.6892876043659347","0.8551158132936032","0.16582820892766847","False"
"32","adaptive","6.693470042627528","0.2696518311725999","0.05003031982292529","0.45760668429687323","17.987706163442912","35.975412326885824","0.009329892202867847","16.953692042980123","False","lattice stress","False","152.0994","223.4442","220.0","223.4442","lattice","1.0156554545454546","-3.444199999999995","True","0","-2.2381443e-06","False","primary","1.0","0.6554267707673013","0.6595581647340786","0.6595581647340786","0.4058864313664258","0.553663017579772","0.6595581647340786","0.10589514715430659","False"
"33","adaptive","9.227112116310336","0.20003164962270606","0.11238580820478711","0.15000287991556377","20.903179910538427","41.80635982107685","0.007026015592198088","34.99591902020095","True","feasible","False","159.734","122.4813","220.0","159.734","skin","0.7260636363636364","60.26599999999999","True","0","-1.5949339e-06","True","primary","1.0","0.1847013711731928","0.1856417257715082","0.1856417257715082","0.09039768253703825","0.16424168065663586","0.1856417257715082","0.02140004511487234","False"
"34","adaptive","8.591540102784826","0.2000160410573461","0.2056645567601489","0.4006005594783396","29.57265419593644","59.14530839187288","0.00787853358965881","27.13951882212881","True","feasible","False","125.4627","83.3782","220.0","125.4627","skin","0.570285","94.5373","True","0","-1.1346472e-06","False","primary","1.0","0.06609993945780601","0.06680326707412713","0.06680326707412713","0.04649846872407163","0.047482204940337794","0.06680326707412713","0.01932106213378934","False"
"35","adaptive","7.773534050815053","0.20000505688264122","0.3999999818184432","0.1500333615206004","42.11528014005816","84.23056028011632","0.009500874773356094","20.568302774727687","True","feasible","False","200.4366","50.85283","220.0","200.4366","skin","0.9110754545454546","19.5634","True","0","-6.0585999e-06","False","primary","1.0","0.23179576015412595","0.232407554153702","0.232407554153702","0.05560566322915512","0.05847330285537803","0.232407554153702","0.173934251298324","False"
"36","adaptive","6.367254858068035","0.20003549398402845","0.12096257177722089","0.313567199534024","23.454452515831033","46.908905031662066","0.010299051132739215","11.910053368458218","True","feasible","False","79.05787","97.09933","220.0","97.09933","lattice","0.4413605909090909","122.90067","True","0","-1.7743729e-05","True","primary","1.0","0.06841225019484236","0.06876800836069334","0.06876800836069334","0.012182842363334098","0.044794359797502126","0.06876800836069334","0.023973648563191216","False"
"37","adaptive","6.6867697591199855","0.2000609402952201","0.050016507764657894","0.1500014908700283","17.81150505831616","35.62301011663232","0.009408487020013451","14.658171321975804","True","feasible","False","99.78529","193.8781","220.0","193.8781","lattice","0.8812640909090909","26.12190000000001","True","0","-2.9661421e-07","True","primary","1.0","0.2063778006782614","0.20729786828720234","0.20729786828720234","0.06119214026916484","0.08577851388099397","0.20729786828720234","0.12151935440620837","False"
"38","adaptive","8.090467240031042","0.20004867711682625","0.05204354267630477","0.2053616273241588","17.706064502672678","35.412129005345356","0.007792999901031286","24.633990631193626","False","lattice stress","False","126.4026","224.9716","220.0","224.9716","lattice","1.0225981818181817","-4.971599999999995","True","0","-4.455446e-05","False","primary","1.0","0.07734555645129228","0.07772804069426192","0.07772804069426192","0.048585467147897826","0.04213017225411959","0.07772804069426192","0.03559786844014234","False"
"39","adaptive","6.000706860318749","0.2309047906499493","0.16707981182730064","0.46428263128932556","28.682806700179224","57.36561340035845","0.011283030458540674","10.465443060155561","True","feasible","False","91.14865","50.19343","220.0","91.14865","skin","0.4143120454545455","128.85135","True","0","-1.9550214e-06","False","primary","1.0","0.058409073140891284","0.05891085345536016","0.05891085345536016","0.02447719921879608","0.04434133874522713","0.05891085345536016","0.014569514710133027","False"
"40","adaptive","6.0002968243986725","0.3103016736286488","0.05139864871237341","0.1500315355073877","17.786209922177665","35.57241984435533","0.01042477015661332","13.753412501837186","False","lattice stress","False","98.61182","263.5624","220.0","263.5624","lattice","1.1980109090909092","-43.562400000000025","True","0","-9.7232472e-07","False","primary","0.9999759246607578","0.10505450852266673","0.10565468066645521","0.10565468066645521","0.08367676148121667","0.05841578552525004","0.10565468066645531","0.047238895141205266","False"
"41","adaptive","7.354405424392972","0.20000414343539902","0.11638338960424995","0.31406782851252574","22.471239784710157","44.942479569420314","0.008808344359736415","17.871041504122502","True","feasible","False","105.2993","83.22284","220.0","105.2993","skin","0.4786331818181818","114.7007","True","0","-3.0165947e-06","True","primary","0.8477881767095092","0.026954734869769414","0.023180173881403945","0.023180173881403945","0.01585637914748088","0.015096468650750587","0.023180173881403945","0.008083705230653358","False"
"42","adaptive","7.5303334213177076","0.2000205177478771","0.2546591747489949","0.3009739089502312","33.89150488223832","67.78300976447665","0.009302315141017276","18.756880813362013","True","feasible","False","98.46661","61.31806","220.0","98.46661","skin","0.4475755","121.53339","True","0","-1.0949862e-06","False","primary","1.0","0.3991465525179241","0.40079588878425826","0.40079588878425826","0.2748234702368594","0.25860376125170115","0.40079588878425826","0.1421921275325571","False"
"43","adaptive","6.4556857537748495","0.20003371136119566","0.34990261197402667","0.39967583438119153","45.25454739695441","90.50909479390882","0.011673376630335085","11.85542187781331","True","feasible","False","78.9683","39.97559","220.0","78.9683","skin","0.3589468181818182","141.0317","True","0","-5.1951078e-06","False","primary","1.0","0.044250887225723956","0.04496355634026283","0.04496355634026283","0.021515454516023956","0.027066406381954688","0.04496355634026283","0.01789714995830814","False"
"44","adaptive","6.000451487959774","0.20002505485513875","0.10127364790352067","0.37113721662597154","22.083402113343404","44.16680422668681","0.010844408176511593","10.17140774745195","True","feasible","False","74.22222","59.70785","220.0","74.22222","skin","0.33737372727272724","145.77778","True","0","-2.4242902e-05","True","primary","0.9133046293415203","0.06670178291735541","0.06131735415068017","0.06131735415068017","0.02295396414471822","0.033996669746108515","0.06131735415068018","0.027320684404571666","False"
"45","adaptive","9.941581125989316","0.2000102352784432","0.14153115347177017","0.21057188863336335","22.80988284034317","45.61976568068634","0.006625327152023833","43.35315034158861","True","feasible","False","177.4583","106.493","220.0","177.4583","skin","0.8066286363636364","42.54169999999999","True","0","-3.7160441e-06","True","primary","1.0","0.02528681434508705","0.02563793007492672","0.02563793007492672","0.012419413981587987","0.01978240019416118","0.02563793007492672","0.005855529880765542","False"
"46","adaptive","7.803118322193932","0.20002799260958298","0.09355090056759693","0.15000484701899172","20.09118300883317","40.18236601766634","0.008152293002020895","21.378306821489755","True","feasible","False","129.8451","141.6382","220.0","141.6382","lattice","0.6438100000000001","78.36179999999999","True","0","-5.1455039e-06","True","primary","1.0","0.02248359609901096","0.02273714728875225","0.02273714728875225","0.016235735587015975","0.014803470571507034","0.02273714728875225","0.007933676717245217","False"
"47","adaptive","8.509716665006952","0.2000024012426473","0.07666457310726787","0.4999999971364618","19.550218840952205","39.10043768190441","0.007513806013377668","27.68377688775663","True","feasible","False","136.9306","156.3402","220.0","156.3402","lattice","0.7106372727272727","63.65979999999999","True","0","-9.7306363e-07","True","primary","0.5986320397998891","0.05355924293764016","0.032192129816896106","0.032192129816896106","0.028091559458663307","0.016365200122464785","0.032192129816896134","0.01582692969443135","False"
"48","adaptive","10.241174078409239","0.20000000201201404","0.09643039223604488","0.4999999793825224","20.584139449339318","41.168278898678636","0.006371858610481518","47.86505096827993","True","feasible","False","197.5596","174.3348","220.0","197.5596","skin","0.8979981818181818","22.44040000000001","True","0","-4.9009733e-06","True","primary","0.5230349916434041","0.022292051019351833","0.011705348980585542","0.011705348980585542","0.005070693951174785","0.006401815945305575","0.011705348980585579","0.005303533035280004","False"
"49","adaptive","9.531546206608812","0.20001734670608398","0.055752881324700125","0.45575544025024106","17.95877582770812","35.91755165541624","0.006715325226290854","39.792909233753626","False","lattice stress","False","177.9911","290.7048","220.0","290.7048","lattice","1.3213854545454544","-70.70479999999998","True","0","-9.9710507e-07","False","primary","1.0","0.009531340125404669","0.009617461841499326","0.009617461841499326","0.001367333906366079","0.0032918689836305567","0.009617461841499326","0.006325592857868769","False"
"50","adaptive","6.000016046700841","0.3636264271638667","0.2530598315428904","0.2814376944471977","32.82232375805875","65.6446475161175","0.011518309354253922","13.480985770102981","True","feasible","False","109.1682","47.4429","220.0","109.1682","skin","0.4962190909090909","110.8318","True","0","-6.3539298e-06","False","primary","1.0","0.03620700864664298","0.03630026208286343","0.03630026208286343","0.0046974666433089755","0.003545342300617315","0.03630026208286343","0.032754919782246116","False"
"51","adaptive","6.667025644015537","0.23268745841491387","0.3095197294659958","0.15000403909683946","36.772413445727565","73.54482689145513","0.010678168299601092","14.308986881204248","True","feasible","False","93.69807","51.17699","220.0","93.69807","skin","0.42590031818181817","126.30193","True","0","-2.5152834e-06","False","primary","1.0","0.10910191904661981","0.109403806291722","0.109403806291722","0.039900432127077945","0.07741990367626315","0.109403806291722","0.031983902615458845","False"
"52","adaptive","6.000031355549499","0.2000247409718874","0.05830551322868176","0.28895348099412543","18.555501252416548","37.111002504833095","0.010585451183080612","10.71819345470712","True","feasible","False","93.56315","128.2433","220.0","128.2433","lattice","0.5829240909090909","91.7567","True","0","-8.615868e-06","True","primary","0.7485427607623394","0.23630375130036252","0.177060905285948","0.177060905285948","0.0522594816156225","0.0731850180403126","0.17706090528594812","0.10387588724563551","False"
"53","adaptive","10.579905329405042","0.20000925596265368","0.13407417242828018","0.15000015457573584","21.897779434274057","43.79555886854811","0.006225369955525823","52.606014232006274","True","feasible","False","214.1218","116.7882","220.0","214.1218","skin","0.9732809090909091","5.8781999999999925","True","0","-1.0398328e-06","True","primary","0.9999673209352801","0.00987827051370365","0.009951613798547292","0.009951613798547292","0.006153704981781207","0.0049866269405128075","0.009951613798547292","0.004964986858034485","False"
"54","adaptive","9.526505310647748","0.2000103644213879","0.09484092850513123","0.15001570500820569","19.742964081284608","39.485928162569216","0.006781671409010044","38.85788975210871","True","feasible","False","182.0485","148.4988","220.0","182.0485","skin","0.8274931818181818","37.95150000000001","True","0","-4.0529843e-07","True","primary","0.9999923413517018","0.008254974044347411","0.008412941652527576","0.008412941652527576","0.0033889104359655217","0.0037739186807990177","0.008412941652527569","0.004639022971728551","False"
"55","adaptive","6.029516568846752","0.2000052798537157","0.19161882814474424","0.49210709646784934","31.93352675669066","63.86705351338132","0.01151362182328642","9.842261509221682","True","feasible","False","78.53776","46.82087","220.0","78.53776","skin","0.3569898181818182","141.46224","True","0","-3.4389829e-06","True","primary","1.0","0.01579841198776688","0.015860668072293863","0.015860668072293863","0.0016645597983340242","0.011336768365111771","0.015860668072293863","0.004523899707182092","False"
"56","adaptive","8.01423296221865","0.20016145251409023","0.05803755005186182","0.4999999964320062","18.39185010796494","36.78370021592988","0.007888266461714491","23.579519912754563","True","feasible","False","121.7469","186.5074","220.0","186.5074","lattice","0.8477609090909091","33.49260000000001","True","0","-4.3447514e-05","True","primary","1.0","0.007926305067660943","0.007966061245450826","0.007966061245450826","0.0009161724970489995","0.0038978145585252086","0.007966061245450792","0.0040682466869255834","False"
"57","adaptive","8.810154323572622","0.2000318164146102","0.063483676725973","0.49999999709198384","18.56585906965354","37.13171813930708","0.007242057619814661","31.12235861809581","True","feasible","False","134.6183","210.8435","220.0","210.8435","lattice","0.9583795454545455","9.156499999999994","True","0","-1.7163493e-06","True","primary","1.0","0.00844948513287468","0.008514975033815545","0.008514975033815545","0.0043419711036482445","0.003999810986655213","0.008514975033815545","0.004515164047160332","False"
"58","adaptive","6.000135503032287","0.294000222760719","0.3305847170243757","0.15003758572964435","38.0814829869966","76.1629659739932","0.01191812952959036","11.847839548502677","True","feasible","False","84.35559","43.92122","220.0","84.35559","skin","0.3834345","135.64441","True","0","-3.8617931e-06","False","primary","1.0","0.11259688155435701","0.11269949789867914","0.11269949789867914","0.07121600240706272","0.06804067462445117","0.11269949789867914","0.044658823274227974","False"
"59","adaptive","6.056571435238671","0.5422022286391893","0.39999999989388535","0.18722020712434426","37.87754814757371","75.75509629514742","0.01185686326061004","18.090843400839518","True","feasible","False","134.7182","56.82967","220.0","134.7182","skin","0.6123554545454545","85.2818","True","0","-1.1998181e-05","False","primary","0.9442336648735564","0.134953347452346","0.12752157013985937","0.12752157013985937","0.004465621491288323","0.10074414954547929","0.12752157013985935","0.026777420594380055","False"
"60","adaptive","6.000001076179966","0.34109585587750735","0.3953036042726333","0.4999999970645933","48.10721639125823","96.21443278251645","0.012636368324049857","12.12675990940598","True","feasible","False","138.6815","40.83098","220.0","138.6815","skin","0.6303704545454546","81.3185","True","0","-9.1506194e-06","False","primary","1.0","0.028436462144226765","0.028471430456349218","0.028471430456349218","0.016231548925965247","0.0073463797551766375","0.028471430456349218","0.02112505070117258","False"
"61","adaptive","6.485250299211767","0.2000363591141367","0.05110131438560015","0.4908306560284438","18.251394280632084","36.50278856126417","0.009744673920645852","13.320277465023679","True","feasible","False","92.45371","169.1628","220.0","169.1628","lattice","0.7689218181818182","50.837199999999996","True","0","-2.4239862e-06","True","primary","1.0","0.008282005893402474","0.008301202381285497","0.008301202381285497","0.0007815093161045207","0.0020967534868147966","0.008301202381285497","0.0062044488944707","False"
"62","adaptive","6.000131967752454","0.2000518417423856","0.27145891806085326","0.32417538956165587","38.007948059568214","76.01589611913643","0.012017180087027589","9.662728208486264","True","feasible","False","88.36529","39.15441","220.0","88.36529","skin","0.4016604090909091","131.63470999999998","True","0","-3.0976263e-06","True","primary","1.0","0.039194867569114764","0.039264314737680515","0.039264314737680515","0.000686938905422477","0.019008211056827297","0.039264314737680515","0.02025610368085322","False"
"63","adaptive","9.95441296079045","0.2000538700578092","0.07087817432806728","0.15000752829482228","18.357916975693833","36.715833951387665","0.0064649816182735815","45.00259565476254","False","lattice stress","False","185.1244","241.9997","220.0","241.9997","lattice","1.0999986363636363","-21.99969999999999","True","0","-1.6294331e-05","False","primary","0.9999970201009576","0.0039544071564037485","0.003995787158774593","0.003995787158774593","0.0005105389762192941","0.0007198536489361753","0.003995787158774596","0.0032759335098384206","False"
"64","adaptive","7.4866938414473925","0.200010195282354","0.06067474807034154","0.1500250203032064","18.217770932125642","36.435541864251284","0.008382788694924672","19.582807292172536","True","feasible","False","108.6436","172.2743","220.0","172.2743","lattice","0.783065","47.72569999999999","True","0","-4.3677947e-06","True","primary","0.9999811680623498","0.00878689458429178","0.00884220819566795","0.00884220819566795","0.0028007811080167965","0.0023404801323157975","0.008842208195667957","0.006501728063352159","False"
"65","adaptive","10.632015193320802","0.20001983614738497","0.0818403779676036","0.4999990841025972","18.96483222593448","37.92966445186896","0.006101881485528542","53.9161801689085","True","feasible","False","219.7986","203.8635","220.0","219.7986","skin","0.9990845454545454","0.20140000000000668","True","0","-3.7427949e-07","True","primary","0.9007180807083319","0.0054910118169187805","0.0050559992776641055","0.0050559992776641055","0.0013663450533009298","0.0017464117559483742","0.005055999277664076","0.003309587521715702","False"
"66","adaptive","10.862389884073686","0.20015183883389187","0.15179787280542723","0.22009599269221658","23.257517397119727","46.515034794239455","0.006118308595319841","56.59899139839442","True","feasible","False","186.4145","131.5835","220.0","186.4145","skin","0.8473386363636364","33.585499999999996","True","0","-2.2210931e-06","False","primary","0.995304379680741","0.003894891870418609","0.0039014675536723667","0.0039014675536723667","0.002828481098763771","0.0022998716826029804","0.0039014675536723667","0.0016015958710693863","False"
"67","adaptive","9.301572246060081","0.2000004014105772","0.057515505006077335","0.499999999691047","18.15839091105858","36.31678182211716","0.006875345895782546","36.88143851409933","False","lattice stress","False","161.655","268.1514","220.0","268.1514","lattice","1.2188700000000001","-48.151400000000024","True","0","-4.4608819e-06","False","primary","1.0","0.0031001618874812184","0.0031438929388581116","0.0031438929388581116","8.986049634989268e-05","0.0017453632988398025","0.0031438929388581116","0.001398529640018309","False"
"68","adaptive","8.467136670798546","0.3960237135460184","0.22851546929930217","0.17654903984993164","27.256392202172506","54.51278440434501","0.007773625139374652","39.04872252570431","True","feasible","False","217.7367","104.7369","220.0","217.7367","skin","0.9897122727272728","2.2632999999999868","True","0","-9.8823264e-07","False","primary","0.9129971580985625","1.8099479843011914","1.6560596881963863","1.6560596881963863","0.9347840659716945","1.1171191226665085","1.6560596881963863","0.5389405655298778","False"
"69","adaptive","6.000237249689393","0.6688891202198789","0.3889601898917431","0.1500339787222548","34.94440733719402","69.88881467438804","0.011863419879049118","21.56259485408321","True","feasible","False","147.6067","68.25488","220.0","147.6067","skin","0.6709395454545454","72.39330000000001","True","0","-5.7032316e-06","False","primary","1.0","0.16066724892161993","0.16083012912088152","0.16083012912088152","0.047720816668671534","0.12441219063747092","0.16083012912088152","0.0364179384834106","False"
"70","adaptive","10.966245073510724","0.20000094482580616","0.13041945791796666","0.15003639644582908","21.53217226262849","43.06434452525698","0.0060100778132092985","58.703802133776804","False","skin stress","False","228.1869","176.7351","220.0","228.1869","skin","1.0372131818181818","-8.186900000000009","True","0","-6.87079e-07","False","primary","0.9999891251501598","0.003334359395965402","0.0033737372249567866","0.0033737372249567866","0.0007344968799488818","0.0013061837142178236","0.003373737224956775","0.0020675535107389513","False"
"71","adaptive","6.00000015392775","0.4809389847937158","0.2746648912593227","0.49999999401055883","35.895805476936516","71.79161095387303","0.011782124947829289","15.942735168000954","True","feasible","False","114.8722","52.77851","220.0","114.8722","skin","0.5221463636363637","105.1278","True","0","-3.7720936e-06","False","primary","0.9632931240129722","0.06034364546404365","0.05818123880611956","0.05818123880611956","0.011244562264810841","0.010512845827430251","0.058181238806119556","0.04766839297868931","False"
"72","adaptive","8.32162229352483","0.20000474469389481","0.09764147370188418","0.1500343609360151","20.241614784551206","40.48322956910241","0.007695617507832947","25.767982315992363","True","feasible","False","145.7671","145.0311","220.0","145.7671","skin","0.6625777272727272","74.2329","True","0","-4.5886353e-07","True","primary","0.9824799803644986","0.003180957379326461","0.003167607335694868","0.003167607335694868","0.0008283248783968722","0.0005742097454359722","0.003167607335694875","0.002593397590258903","False"
"73","adaptive","10.906496007451612","0.20003519814821738","0.07252150030650419","0.49571288448183404","18.832452255624702","37.664904511249404","0.005954934313699796","58.73289015798014","False","skin+lattice stress","False","235.6872","252.0255","220.0","252.0255","lattice","1.1455704545454546","-32.025499999999994","True","0","-1.7265903e-06","False","primary","1.0","0.004867846888743248","0.004732974362939463","0.004732974362939463","0.00022684008025460636","0.0013943455742509805","0.004732974362939463","0.0033386287886884827","False"
"74","adaptive","6.0000132715357095","0.20001619837274737","0.3021156456128556","0.49999996653627987","43.651757275403725","87.30351455080745","0.012432666140078968","9.481284647009964","True","feasible","False","82.11328","35.49009","220.0","82.11328","skin","0.3732421818181818","137.88672","True","0","-3.9452796e-06","True","primary","1.0","0.004582102543026193","0.004646031478330119","0.004646031478330119","0.0003357805339697356","0.0014186011940969783","0.004646031478330119","0.0032274302842331404","False"
"75","adaptive","6.000482071171691","0.4085223388579765","0.3999989409000257","0.15001569319704552","39.982437058561416","79.96487411712283","0.012048038427471569","14.251171295110936","True","feasible","False","161.9248","42.67673","220.0","161.9248","skin","0.7360218181818182","58.075199999999995","True","0","-5.1107884e-06","False","primary","1.0","0.049269450354358556","0.049357622532030423","0.049357622532030423","0.0006054545759194818","0.0008663531397459839","0.049357622532030423","0.04849126939228444","False"
"76","adaptive","6.60751630652067","0.20004236491932084","0.1432132511254995","0.15000270550929207","24.281752740998193","48.56350548199639","0.00996998087823248","13.202843209725451","True","feasible","False","94.17667","53.22117","220.0","94.17667","skin","0.4280757727272727","125.82333","True","0","-1.4557766e-06","False","primary","1.0","0.004689380183172659","0.004703495837537022","0.004703495837537022","0.002110259468605847","0.0013794537727499852","0.004703495837537022","0.0033240420647870366","False"
"77","adaptive","6.000146249560059","0.20003039908603099","0.21924330797216285","0.15000178160162633","31.407018988139587","62.814037976279174","0.01153143327962745","9.874031837143662","True","feasible","False","87.25221","44.45658","220.0","87.25221","skin","0.3966009545454546","132.74779","True","0","-2.3999179e-06","False","primary","1.0","0.04741030670508157","0.047473808636621116","0.047473808636621116","0.0007380027762653129","0.001376543009993108","0.047473808636621116","0.04609726562662801","False"
"78","adaptive","10.014316347316496","0.20013365810608166","0.12255830234779738","0.20523510756985003","21.490036916479575","42.98007383295915","0.0065357602612141266","44.63593547723604","True","feasible","False","183.0294","123.6337","220.0","183.0294","skin","0.8319518181818182","36.97059999999999","True","0","-1.0336871e-06","True","primary","1.0","0.0022215631220887867","0.0021559019697028237","0.0021559019697028237","0.0005912972913040753","0.0011636019565394431","0.0021559019697028237","0.0009923000131633805","False"
"79","adaptive","6.945032965088377","0.4705422645351406","0.2759405823203445","0.47872062174259356","34.41327272166629","68.82654544333258","0.010061777377595529","24.17608348055809","True","feasible","False","183.5847","71.23425","220.0","183.5847","skin","0.8344759090909091","36.4153","True","0","-5.2418879e-06","False","primary","1.0","1.191025141503423","1.1947425902362308","1.1947425902362308","1.0158613265821712","0.9548243416420167","1.1947425902362308","0.23991824859421407","False"
"80","adaptive","7.240792865854731","0.20002088668078735","0.05001981950626672","0.48139932302243726","18.02079063650677","36.04158127301354","0.00866838218165319","18.005598903522774","True","feasible","False","112.8529","217.7043","220.0","217.7043","lattice","0.9895649999999999","2.2957000000000107","True","0","-3.301986e-06","True","primary","0.9999950188922506","0.005123373047396307","0.005151483753713992","0.005151483753713992","0.00110676347259351","0.00066405353028742","0.005151483753714033","0.004487430223426613","False"
"81","adaptive","10.77512842030808","0.20000893535162165","0.13665424260948894","0.47680371501983065","23.347899562342107","46.695799124684214","0.006167513962148753","54.956404439220954","True","feasible","False","217.1684","125.2674","220.0","217.1684","skin","0.9871290909090908","2.8316000000000088","True","0","-7.4736168e-07","False","primary","1.0","0.008775355596263771","0.008859977925058944","0.008859977925058944","0.001574145484874688","0.003125475355785009","0.008859977925058944","0.005734502569273935","False"
"82","adaptive","6.496143528892016","0.2000215545614894","0.07913235490718104","0.2596415940417267","19.804685389665746","39.60937077933149","0.009835203774802835","12.988814509978774","True","feasible","False","91.4659","98.00145","220.0","98.00145","lattice","0.4454611363636364","121.99855","True","0","-5.2811231e-06","True","primary","1.0","0.3929058706597034","0.39346326258710573","0.39346326258710573","0.1575975774559096","0.2904719944653339","0.39346326258710573","0.10299126812177184","False"
"83","adaptive","8.603253188037002","0.20004211182867748","0.05004199722966391","0.46775322257736296","17.7892672039874","35.5785344079748","0.007371367126702084","29.48648814642832","False","lattice stress","False","150.8828","261.2078","220.0","261.2078","lattice","1.1873081818181819","-41.20780000000002","True","0","-1.108313e-05","False","primary","1.0","0.003041221274257797","0.0030593975960325967","0.0030593975960325967","0.0012486819941227424","0.0021820747245711565","0.0030593975960325967","0.0008773228714614402","False"
"84","adaptive","6.000417155684383","0.2631886622716415","0.31641240132953574","0.3975605772966735","41.672620045817595","83.34524009163519","0.012201795130559268","10.94797803737185","True","feasible","False","85.72358","37.98062","220.0","85.72358","skin","0.38965263636363634","134.27642","True","0","-4.7017099e-06","False","primary","1.0","0.02399153926353989","0.024041147509490074","0.024041147509490074","0.02098801084454228","0.010457935370863494","0.024041147509490074","0.01358321213862658","False"
"85","adaptive","9.707691857767518","0.2000249596356057","0.09117520643223884","0.15125758326807207","19.491458740791177","38.982917481582355","0.006656152109596901","41.216412864120194","True","feasible","False","173.6026","160.8045","220.0","173.6026","skin","0.7891027272727272","46.397400000000005","True","0","-3.5884358e-07","True","primary","0.9999979939475216","0.00220487438059751","0.0022000707357198368","0.0022000707357198368","0.0004313642514222498","0.0007920297694494511","0.002200070735719845","0.001408040966270394","False"
"86","adaptive","7.111274142138977","0.20011039007052048","0.07045057212216237","0.18545258784518187","18.890618518670625","37.78123703734125","0.008890293250076524","16.837559723329033","True","feasible","False","107.5952","132.7124","220.0","132.7124","lattice","0.6032381818181818","87.2876","True","0","-6.3882609e-06","True","primary","1.0","0.0018526589471946238","0.001888703291586986","0.001888703291586986","0.0006667875313980382","0.0005088223194421394","0.001888703291586986","0.0013798809721448464","False"
"87","adaptive","6.76106024232183","0.26180145683506106","0.10480172781358156","0.19546498911326893","21.073865290768328","42.147730581536656","0.009444282956178541","16.32620781676306","True","feasible","False","107.1024","120.6095","220.0","120.6095","lattice","0.548225","99.3905","True","0","-2.098858e-06","False","primary","0.9999987298917941","0.009331893655896872","0.009392376545395589","0.009392376545395589","0.0031447115397464144","0.005658691965410588","0.00939237654539557","0.003733684579984982","False"
"88","adaptive","6.2779853132812224","0.2001020351454988","0.05199397891165305","0.32396250806386256","18.173823015774275","36.34764603154855","0.010073678997564587","12.247859885579429","True","feasible","False","98.49725","159.3097","220.0","159.3097","lattice","0.724135","60.69030000000001","True","0","-9.8183381e-06","True","primary","1.0","0.001602694087240406","0.0016238539681555327","0.0016238539681555327","0.0004964361204956673","0.0006033637306572341","0.0016238539681555327","0.0010204902374982986","False"
"89","adaptive","6.851146905251862","0.20001734670608398","0.05649902784203853","0.27590227288360136","18.25619741227529","36.51239482455058","0.00920219446852081","15.428212317595573","True","feasible","False","119.2314","164.6677","220.0","164.6677","lattice","0.7484895454545455","55.332300000000004","True","0","-8.9661478e-06","True","primary","1.0","0.0018550443521861753","0.0018756807666163286","0.0018756807666163286","0.00017406214003466494","0.00023812937991335163","0.0018756807666163286","0.001637551386702977","False"
"90","adaptive","9.056758259550174","0.2000029562250257","0.09691005489917849","0.1500103857966328","19.949890397858994","39.89978079571799","0.007111970797980999","33.3010887974328","True","feasible","False","179.2511","166.7609","220.0","179.2511","skin","0.8147777272727273","40.74889999999999","True","0","-2.862072e-07","True","primary","0.9593502668716951","0.002133294098499116","0.002060640248916344","0.002060640248916344","0.00039457403021681654","3.574329006682454e-05","0.002060640248916344","0.0020248969588495193","False"
"91","adaptive","7.641514849784778","0.24966189261344424","0.20855297557217028","0.4999999969314275","31.088328046101186","62.17665609220237","0.008925587717489388","21.67628871198262","True","feasible","False","116.6196","68.12129","220.0","116.6196","skin","0.530089090909091","103.3804","True","0","-6.4880523e-07","False","primary","0.9999995210495571","0.050475872574498815","0.05069644060587123","0.05069644060587123","0.010642126985075663","0.03667753980072545","0.05069644060587168","0.014018900805146228","False"
"92","adaptive","6.001059729496113","0.2439138537875125","0.25945543567704554","0.36202826503882746","36.45744609960926","72.91489219921851","0.011837366918734006","10.62751488112723","True","feasible","False","95.18676","40.27459","220.0","95.18676","skin","0.43266709090909095","124.81324","True","0","-6.5308151e-06","False","primary","1.0","0.06904675088505634","0.0691913521260008","0.0691913521260008","0.04472210621580851","0.050224494419294045","0.0691913521260008","0.01896685770670676","False"
"93","adaptive","7.840386240712551","0.20006451053732138","0.05794014865954038","0.1500346269804008","18.003378621780506","36.00675724356101","0.00803085237603759","22.296046720874884","True","feasible","False","122.1659","191.5261","220.0","191.5261","lattice","0.8705731818181819","28.473899999999986","True","0","-1.7548159e-06","True","primary","1.0","0.001734519708929576","0.0017540698730455985","0.0017540698730455985","0.0008973730063635189","0.0005512992045520088","0.0017540698730455985","0.0012027706684935896","False"
"94","adaptive","8.52443011731145","0.20415665279819203","0.05378270169496427","0.49491257878731554","18.05882605703195","36.1176521140639","0.007438947173717075","28.815755283549727","False","lattice stress","False","137.635","241.4891","220.0","241.4891","lattice","1.0976777272727274","-21.489100000000008","True","0","-8.8001991e-05","False","primary","1.0","0.0020268519977278167","0.0019095973344831524","0.0019095973344831524","0.000422087091455721","0.00035228335968284823","0.001909597334483106","0.0015573139748002577","False"
"95","adaptive","6.000556810229523","0.6030319266329679","0.39938980222113823","0.4403570667444201","41.80792114292923","83.61584228585846","0.01230477014637896","18.87690354596628","True","feasible","False","165.7968","62.40757","220.0","165.7968","skin","0.7536218181818182","54.20320000000001","True","0","-7.4204249e-06","False","primary","0.8263474774733264","0.13679993383786238","0.1131128547628269","0.1131128547628269","0.058602777812231964","0.07139337735264664","0.11311285476282695","0.04171947741018031","False"
"96","adaptive","10.379207014449223","0.20001107910687427","0.10765451044536672","0.1537917447193234","20.33258725083083","40.66517450166166","0.006284890889037098","50.093422045081","True","feasible","False","206.2029","155.9013","220.0","206.2029","skin","0.9372859090909091","13.7971","True","0","-1.4673784e-06","True","primary","1.0","0.0018281830396031289","0.0018356832719886933","0.0018356832719886933","0.0007966805441382195","0.00050866866201422","0.0018356832719886933","0.0013270146099744733","False"
"97","adaptive","9.266530784369241","0.20004483406902918","0.08491852721735998","0.1502349601433153","19.233064796295558","38.466129592591116","0.006938009341695178","35.94946282130012","True","feasible","False","172.6688","173.5575","220.0","173.5575","lattice","0.7888977272727273","46.442499999999995","True","0","-3.6280352e-06","True","primary","1.0","0.0023369404384039486","0.002279613810454913","0.002279613810454913","9.522715292167284e-05","0.001067210759857375","0.002279613810454913","0.001212403050597538","False"
"98","adaptive","6.000010855343724","0.22575744713231502","0.39999999005444037","0.24297352742320516","46.52180093545252","93.04360187090504","0.012600652710428229","10.21412620367287","True","feasible","False","116.587","36.68771","220.0","116.587","skin","0.5299409090909091","103.413","True","0","-5.1128696e-06","False","primary","1.0","0.007636029233158148","0.0076346937185519815","0.0076346937185519815","1.015887291368791e-05","0.0001512334115836303","0.0076346937185519815","0.007483460306968351","False"
"99","adaptive","10.872100508239818","0.20006706595792395","0.10420093658526437","0.2527922991074786","20.272505259151664","40.54501051830333","0.006018267636853877","57.59844160185831","True","feasible","False","210.4243","174.6915","220.0","210.4243","skin","0.9564740909090909","9.575700000000012","True","0","-6.6222155e-07","True","primary","0.6394252015501433","0.0035230301138741284","0.0022083384389435354","0.0022083384389435354","0.00016860427973172142","0.000800688067750274","0.002208338438943528","0.001407650371193254","False"
"100","adaptive","6.6607104661638","0.20001758757920526","0.07159346284481066","0.37523786907988205","19.443824950203012","38.887649900406025","0.009558142048657648","13.964762799716159","True","feasible","False","91.60247","116.8449","220.0","116.8449","lattice","0.5311131818181818","103.1551","True","0","-3.0431429e-06","True","primary","0.9999589510923457","0.0012502641693261604","0.001271230045249275","0.001271230045249275","4.8157160915211494e-05","0.00014970046730006402","0.001271230045249275","0.0011215295779492109","False"
