Case,Source,AR,lambda,r1,r2,HalfWingMass,WingMassTotal,CDitrim,Ctrim
99,adaptive,10.872100508239818,0.20006706595792395,0.10420093658526437,0.2527922991074786,20.272505259151664,40.54501051830333,0.006018267636853877,57.59844160185831
65,adaptive,10.632015193320802,0.20001983614738497,0.0818403779676036,0.4999990841025972,18.96483222593448,37.92966445186896,0.006101881485528542,53.9161801689085
53,adaptive,10.579905329405042,0.20000925596265368,0.13407417242828018,0.15000015457573584,21.897779434274057,43.79555886854811,0.006225369955525823,52.606014232006274
96,adaptive,10.379207014449223,0.20001107910687427,0.10765451044536672,0.1537917447193234,20.33258725083083,40.66517450166166,0.006284890889037098,50.093422045081
48,adaptive,10.241174078409239,0.20000000201201404,0.09643039223604488,0.4999999793825224,20.584139449339318,41.168278898678636,0.006371858610481518,47.86505096827993
78,adaptive,10.014316347316496,0.20013365810608166,0.12255830234779738,0.20523510756985003,21.490036916479575,42.98007383295915,0.0065357602612141266,44.63593547723604
45,adaptive,9.941581125989316,0.2000102352784432,0.14153115347177017,0.21057188863336335,22.80988284034317,45.61976568068634,0.006625327152023833,43.35315034158861
85,adaptive,9.707691857767518,0.2000249596356057,0.09117520643223884,0.15125758326807207,19.491458740791177,38.982917481582355,0.006656152109596901,41.216412864120194
54,adaptive,9.526505310647748,0.2000103644213879,0.09484092850513123,0.15001570500820569,19.742964081284608,39.485928162569216,0.006781671409010044,38.85788975210871
97,adaptive,9.266530784369241,0.20004483406902918,0.08491852721735998,0.1502349601433153,19.233064796295558,38.466129592591116,0.006938009341695178,35.94946282130012
33,adaptive,9.227112116310336,0.20003164962270606,0.11238580820478711,0.15000287991556377,20.903179910538427,41.80635982107685,0.007026015592198088,34.99591902020095
90,adaptive,9.056758259550174,0.2000029562250257,0.09691005489917849,0.1500103857966328,19.949890397858994,39.89978079571799,0.007111970797980999,33.3010887974328
57,adaptive,8.810154323572622,0.2000318164146102,0.063483676725973,0.49999999709198384,18.56585906965354,37.13171813930708,0.007242057619814661,31.12235861809581
47,adaptive,8.509716665006952,0.2000024012426473,0.07666457310726787,0.4999999971364618,19.550218840952205,39.10043768190441,0.007513806013377668,27.68377688775663
72,adaptive,8.32162229352483,0.20000474469389481,0.09764147370188418,0.1500343609360151,20.241614784551206,40.48322956910241,0.007695617507832947,25.767982315992363
56,adaptive,8.01423296221865,0.20016145251409023,0.05803755005186182,0.4999999964320062,18.39185010796494,36.78370021592988,0.007888266461714491,23.579519912754563
93,adaptive,7.840386240712551,0.20006451053732138,0.05794014865954038,0.1500346269804008,18.003378621780506,36.00675724356101,0.00803085237603759,22.296046720874884
46,adaptive,7.803118322193932,0.20002799260958298,0.09355090056759693,0.15000484701899172,20.09118300883317,40.18236601766634,0.008152293002020895,21.378306821489755
64,adaptive,7.4866938414473925,0.200010195282354,0.06067474807034154,0.1500250203032064,18.217770932125642,36.435541864251284,0.008382788694924672,19.582807292172536
80,adaptive,7.240792865854731,0.20002088668078735,0.05001981950626672,0.48139932302243726,18.02079063650677,36.04158127301354,0.00866838218165319,18.005598903522774
41,adaptive,7.354405424392972,0.20000414343539902,0.11638338960424995,0.31406782851252574,22.471239784710157,44.942479569420314,0.008808344359736415,17.871041504122502
86,adaptive,7.111274142138977,0.20011039007052048,0.07045057212216237,0.18545258784518187,18.890618518670625,37.78123703734125,0.008890293250076524,16.837559723329033
31,adaptive,7.099406279890274,0.20003434233206205,0.09813313526134776,0.4999993667104473,21.736858125954665,43.47371625190933,0.009090738544499733,16.237341487971495
89,adaptive,6.851146905251862,0.20001734670608398,0.05649902784203853,0.27590227288360136,18.25619741227529,36.51239482455058,0.00920219446852081,15.428212317595573
37,adaptive,6.6867697591199855,0.2000609402952201,0.050016507764657894,0.1500014908700283,17.81150505831616,35.62301011663232,0.009408487020013451,14.658171321975804
100,adaptive,6.6607104661638,0.20001758757920526,0.07159346284481066,0.37523786907988205,19.443824950203012,38.887649900406025,0.009558142048657648,13.964762799716159
61,adaptive,6.485250299211767,0.2000363591141367,0.05110131438560015,0.4908306560284438,18.251394280632084,36.50278856126417,0.009744673920645852,13.320277465023679
82,adaptive,6.496143528892016,0.2000215545614894,0.07913235490718104,0.2596415940417267,19.804685389665746,39.60937077933149,0.009835203774802835,12.988814509978774
88,adaptive,6.2779853132812224,0.2001020351454988,0.05199397891165305,0.32396250806386256,18.173823015774275,36.34764603154855,0.010073678997564587,12.247859885579429
36,adaptive,6.367254858068035,0.20003549398402845,0.12096257177722089,0.313567199534024,23.454452515831033,46.908905031662066,0.010299051132739215,11.910053368458218
1,corner,6.0,0.2,0.05,0.15,17.90977616497684,35.81955232995368,0.010537843603557452,10.953141766601407
2,corner,6.0,0.2,0.05,0.5,18.293550472817515,36.58710094563503,0.010566434068262815,10.80771945298735
52,adaptive,6.000031355549499,0.2000247409718874,0.05830551322868176,0.28895348099412543,18.555501252416548,37.111002504833095,0.010585451183080612,10.71819345470712
44,adaptive,6.000451487959774,0.20002505485513875,0.10127364790352067,0.37113721662597154,22.083402113343404,44.16680422668681,0.010844408176511593,10.17140774745195
55,adaptive,6.029516568846752,0.2000052798537157,0.19161882814474424,0.49210709646784934,31.93352675669066,63.86705351338132,0.01151362182328642,9.842261509221682
62,adaptive,6.000131967752454,0.2000518417423856,0.27145891806085326,0.32417538956165587,38.007948059568214,76.01589611913643,0.012017180087027589,9.662728208486264
74,adaptive,6.0000132715357095,0.20001619837274737,0.3021156456128556,0.49999996653627987,43.651757275403725,87.30351455080745,0.012432666140078968,9.481284647009964
4,corner,6.0,0.2,0.4,0.5,52.69296792924804,105.38593585849608,0.013097431856977027,9.3272810223876
